Model,MSO64
Waveform Type,ANALOG
Horizontal Units,s
Sample Interval,4.00000000e-11
Record Length,2500
Zero Index,249.84765625
Vertical Units,V
ANALOG_Thumbnail,

TIME,CH1
-9.99390625e-09,4.64843750e-05
-9.95390625e-09,7.70312500e-05
-9.91390625e-09,1.77968750e-04
-9.87390625e-09,2.97500000e-04
-9.83390625e-09,3.89140625e-04
-9.79390625e-09,4.28984375e-04
-9.75390625e-09,4.13046875e-04
-9.71390625e-09,3.58593750e-04
-9.67390625e-09,2.92187500e-04
-9.63390625e-09,2.45703125e-04
-9.59390625e-09,2.45703125e-04
-9.55390625e-09,2.86875000e-04
-9.51390625e-09,3.30703125e-04
-9.47390625e-09,3.30703125e-04
-9.43390625e-09,2.66953125e-04
-9.39390625e-09,1.73984375e-04
-9.35390625e-09,1.19531250e-04
-9.31390625e-09,1.48750000e-04
-9.27390625e-09,2.41718750e-04
-9.23390625e-09,3.26718750e-04
-9.19390625e-09,3.29375000e-04
-9.15390625e-09,2.44375000e-04
-9.11390625e-09,1.38125000e-04
-9.07390625e-09,9.96093750e-05
-9.03390625e-09,1.64687500e-04
-8.99390625e-09,2.92187500e-04
-8.95390625e-09,3.97109375e-04
-8.91390625e-09,4.18359375e-04
-8.87390625e-09,3.70546875e-04
-8.83390625e-09,3.12109375e-04
-8.79390625e-09,3.02812500e-04
-8.75390625e-09,3.40000000e-04
-8.71390625e-09,3.82500000e-04
-8.67390625e-09,3.85156250e-04
-8.63390625e-09,3.47968750e-04
-8.59390625e-09,3.05468750e-04
-8.55390625e-09,2.90859375e-04
-8.51390625e-09,2.98828125e-04
-8.47390625e-09,2.88203125e-04
-8.43390625e-09,2.28437500e-04
-8.39390625e-09,1.32812500e-04
-8.35390625e-09,5.71093750e-05
-8.31390625e-09,4.78125000e-05
-8.27390625e-09,1.12890625e-04
-8.23390625e-09,2.11171875e-04
-8.19390625e-09,2.92187500e-04
-8.15390625e-09,3.38671875e-04
-8.11390625e-09,3.66562500e-04
-8.07390625e-09,3.93125000e-04
-8.03390625e-09,4.07734375e-04
-7.99390625e-09,3.78515625e-04
-7.95390625e-09,2.90859375e-04
-7.91390625e-09,1.73984375e-04
-7.87390625e-09,9.16406250e-05
-7.83390625e-09,8.36718750e-05
-7.79390625e-09,1.32812500e-04
-7.75390625e-09,1.76640625e-04
-7.71390625e-09,1.62031250e-04
-7.67390625e-09,1.02265625e-04
-7.63390625e-09,6.10937500e-05
-7.59390625e-09,9.96093750e-05
-7.55390625e-09,2.11171875e-04
-7.51390625e-09,3.22734375e-04
-7.47390625e-09,3.54609375e-04
-7.43390625e-09,3.00156250e-04
-7.39390625e-09,2.27109375e-04
-7.35390625e-09,2.20468750e-04
-7.31390625e-09,2.96171875e-04
-7.27390625e-09,3.89140625e-04
-7.23390625e-09,3.94453125e-04
-7.19390625e-09,2.74921875e-04
-7.15390625e-09,9.42968750e-05
-7.11390625e-09,-2.25781250e-05
-7.07390625e-09,1.06250000e-05
-7.03390625e-09,1.76640625e-04
-6.99390625e-09,3.59921875e-04
-6.95390625e-09,4.47578125e-04
-6.91390625e-09,4.09062500e-04
-6.87390625e-09,3.16093750e-04
-6.83390625e-09,2.68281250e-04
-6.79390625e-09,3.09453125e-04
-6.75390625e-09,3.86484375e-04
-6.71390625e-09,4.02421875e-04
-6.67390625e-09,2.97500000e-04
-6.63390625e-09,1.07578125e-04
-6.59390625e-09,-6.37500000e-05
-6.55390625e-09,-1.22187500e-04
-6.51390625e-09,-6.10937500e-05
-6.47390625e-09,3.98437500e-05
-6.43390625e-09,8.10156250e-05
-6.39390625e-09,2.52343750e-05
-6.35390625e-09,-7.43750000e-05
-6.31390625e-09,-1.15546875e-04
-6.27390625e-09,-3.58593750e-05
-6.23390625e-09,1.38125000e-04
-6.19390625e-09,3.08125000e-04
-6.15390625e-09,3.87812500e-04
-6.11390625e-09,3.67890625e-04
-6.07390625e-09,3.16093750e-04
-6.03390625e-09,3.09453125e-04
-5.99390625e-09,3.67890625e-04
-5.95390625e-09,4.31640625e-04
-5.91390625e-09,4.23671875e-04
-5.87390625e-09,3.34687500e-04
-5.83390625e-09,2.39062500e-04
-5.79390625e-09,2.43046875e-04
-5.75390625e-09,3.82500000e-04
-5.71390625e-09,5.75078125e-04
-5.67390625e-09,6.70703125e-04
-5.63390625e-09,5.69765625e-04
-5.59390625e-09,3.12109375e-04
-5.55390625e-09,5.71093750e-05
-5.51390625e-09,-3.58593750e-05
-5.47390625e-09,6.64062500e-05
-5.43390625e-09,2.51015625e-04
-5.39390625e-09,3.50625000e-04
-5.35390625e-09,2.81562500e-04
-5.31390625e-09,1.08906250e-04
-5.27390625e-09,-1.59375000e-05
-5.23390625e-09,1.85937500e-05
-5.19390625e-09,1.87265625e-04
-5.15390625e-09,3.58593750e-04
-5.11390625e-09,3.99765625e-04
-5.07390625e-09,2.84218750e-04
-5.03390625e-09,1.04921875e-04
-4.99390625e-09,-1.59375000e-05
-4.95390625e-09,-2.65625000e-05
-4.91390625e-09,2.92187500e-05
-4.87390625e-09,5.84375000e-05
-4.83390625e-09,1.72656250e-05
-4.79390625e-09,-5.57812500e-05
-4.75390625e-09,-8.23437500e-05
-4.71390625e-09,-2.12500000e-05
-4.67390625e-09,8.76562500e-05
-4.63390625e-09,1.56718750e-04
-4.59390625e-09,1.34140625e-04
-4.55390625e-09,4.51562500e-05
-4.51390625e-09,-1.85937500e-05
-4.47390625e-09,1.85937500e-05
-4.43390625e-09,1.60703125e-04
-4.39390625e-09,3.38671875e-04
-4.35390625e-09,4.68828125e-04
-4.31390625e-09,5.10000000e-04
-4.27390625e-09,4.78125000e-04
-4.23390625e-09,4.15703125e-04
-4.19390625e-09,3.49296875e-04
-4.15390625e-09,2.86875000e-04
-4.11390625e-09,2.39062500e-04
-4.07390625e-09,2.29765625e-04
-4.03390625e-09,2.76250000e-04
-3.99390625e-09,3.61250000e-04
-3.95390625e-09,4.17031250e-04
-3.91390625e-09,3.71875000e-04
-3.87390625e-09,2.17812500e-04
-3.83390625e-09,3.85156250e-05
-3.79390625e-09,-3.58593750e-05
-3.75390625e-09,7.43750000e-05
-3.71390625e-09,3.28046875e-04
-3.67390625e-09,5.77734375e-04
-3.63390625e-09,6.74687500e-04
-3.59390625e-09,5.75078125e-04
-3.55390625e-09,3.75859375e-04
-3.51390625e-09,2.32421875e-04
-3.47390625e-09,2.41718750e-04
-3.43390625e-09,3.69218750e-04
-3.39390625e-09,4.80781250e-04
-3.35390625e-09,4.50234375e-04
-3.31390625e-09,2.64296875e-04
-3.27390625e-09,3.05468750e-05
-3.23390625e-09,-9.42968750e-05
-3.19390625e-09,-1.59375000e-05
-3.15390625e-09,2.35078125e-04
-3.11390625e-09,5.27265625e-04
-3.07390625e-09,7.18515625e-04
-3.03390625e-09,7.31796875e-04
-2.99390625e-09,5.84375000e-04
-2.95390625e-09,3.53281250e-04
-2.91390625e-09,1.28828125e-04
-2.87390625e-09,-2.92187500e-05
-2.83390625e-09,-9.69531250e-05
-2.79390625e-09,-8.23437500e-05
-2.75390625e-09,-2.12500000e-05
-2.71390625e-09,3.85156250e-05
-2.67390625e-09,4.78125000e-05
-2.63390625e-09,-5.31250000e-06
-2.59390625e-09,-8.50000000e-05
-2.55390625e-09,-1.14218750e-04
-2.51390625e-09,-3.05468750e-05
-2.47390625e-09,1.60703125e-04
-2.43390625e-09,3.75859375e-04
-2.39390625e-09,5.03359375e-04
-2.35390625e-09,4.82109375e-04
-2.31390625e-09,3.47968750e-04
-2.27390625e-09,2.08515625e-04
-2.23390625e-09,1.64687500e-04
-2.19390625e-09,2.31093750e-04
-2.15390625e-09,3.29375000e-04
-2.11390625e-09,3.54609375e-04
-2.07390625e-09,2.55000000e-04
-2.03390625e-09,7.83593750e-05
-1.99390625e-09,-6.64062500e-05
-1.95390625e-09,-8.63281250e-05
-1.91390625e-09,2.92187500e-05
-1.87390625e-09,2.13828125e-04
-1.83390625e-09,3.62578125e-04
-1.79390625e-09,4.09062500e-04
-1.75390625e-09,3.45312500e-04
-1.71390625e-09,2.16484375e-04
-1.67390625e-09,8.63281250e-05
-1.63390625e-09,9.29687500e-06
-1.59390625e-09,1.32812500e-05
-1.55390625e-09,9.16406250e-05
-1.51390625e-09,2.15156250e-04
-1.47390625e-09,3.26718750e-04
-1.43390625e-09,3.79843750e-04
-1.39390625e-09,3.54609375e-04
-1.35390625e-09,2.78906250e-04
-1.31390625e-09,2.15156250e-04
-1.27390625e-09,2.17812500e-04
-1.23390625e-09,2.94843750e-04
-1.19390625e-09,3.97109375e-04
-1.15390625e-09,4.58203125e-04
-1.11390625e-09,4.34296875e-04
-1.07390625e-09,3.45312500e-04
-1.03390625e-09,2.58984375e-04
-9.93906250e-10,2.48359375e-04
-9.53906250e-10,3.45312500e-04
-9.13906250e-10,5.13984375e-04
-8.73906250e-10,6.74687500e-04
-8.33906250e-10,7.46406250e-04
-7.93906250e-10,6.99921875e-04
-7.53906250e-10,5.84375000e-04
-7.13906250e-10,5.11328125e-04
-6.73906250e-10,5.98984375e-04
-6.33906250e-10,8.99140625e-04
-5.93906250e-10,1.35601563e-03
-5.53906250e-10,1.82882813e-03
-5.13906250e-10,2.17148438e-03
-4.73906250e-10,2.32421875e-03
-4.33906250e-10,2.35609375e-03
-3.93906250e-10,2.40921875e-03
-3.53906250e-10,2.60976563e-03
-3.13906250e-10,2.98296875e-03
-2.73906250e-10,3.45976563e-03
-2.33906250e-10,3.97640625e-03
-1.93906250e-10,4.58335938e-03
-1.53906250e-10,5.50640625e-03
-1.13906250e-10,7.12140625e-03
-7.39062500e-11,9.84273438e-03
-3.39062500e-11,1.39851563e-02
6.09375000e-12,1.96257031e-02
4.60937500e-11,2.64921094e-02
8.60937500e-11,3.39110156e-02
1.26093750e-10,4.08757031e-02
1.66093750e-10,4.62718750e-02
2.06093750e-10,4.92203125e-02
2.46093750e-10,4.93903125e-02
2.86093750e-10,4.71152344e-02
3.26093750e-10,4.32357813e-02
3.66093750e-10,3.87387500e-02
4.06093750e-10,3.43931250e-02
4.46093750e-10,3.05880469e-02
4.86093750e-10,2.73965625e-02
5.26093750e-10,2.47602344e-02
5.66093750e-10,2.26458594e-02
6.06093750e-10,2.10560938e-02
6.46093750e-10,1.99497656e-02
6.86093750e-10,1.91807813e-02
7.26093750e-10,1.85167188e-02
7.66093750e-10,1.77517188e-02
8.06093750e-10,1.67994531e-02
8.46093750e-10,1.57157031e-02
8.86093750e-10,1.46292969e-02
9.26093750e-10,1.36571094e-02
9.66093750e-10,1.28363281e-02
1.00609375e-09,1.21350781e-02
1.04609375e-09,1.14763281e-02
1.08609375e-09,1.07857031e-02
1.12609375e-09,1.00127344e-02
1.16609375e-09,9.15476563e-03
1.20609375e-09,8.26492188e-03
1.24609375e-09,7.43750000e-03
1.28609375e-09,6.77875000e-03
1.32609375e-09,6.35242188e-03
1.36609375e-09,6.14656250e-03
1.40609375e-09,6.08148438e-03
1.44609375e-09,6.05492188e-03
1.48609375e-09,5.98187500e-03
1.52609375e-09,5.82382813e-03
1.56609375e-09,5.56351563e-03
1.60609375e-09,5.19960938e-03
1.64609375e-09,4.75203125e-03
1.68609375e-09,4.26992188e-03
1.72609375e-09,3.84359375e-03
1.76609375e-09,3.56203125e-03
1.80609375e-09,3.44117188e-03
1.84609375e-09,3.39468750e-03
1.88609375e-09,3.26851563e-03
1.92609375e-09,2.93781250e-03
1.96609375e-09,2.40789063e-03
2.00609375e-09,1.82484375e-03
2.04609375e-09,1.39320313e-03
2.08609375e-09,1.24710938e-03
2.12609375e-09,1.36000000e-03
2.16609375e-09,1.57914063e-03
2.20609375e-09,1.73585938e-03
2.24609375e-09,1.76109375e-03
2.28609375e-09,1.71593750e-03
2.32609375e-09,1.72125000e-03
2.36609375e-09,1.84210938e-03
2.40609375e-09,2.03335938e-03
2.44609375e-09,2.17281250e-03
2.48609375e-09,2.16617188e-03
2.52609375e-09,2.01609375e-03
2.56609375e-09,1.82218750e-03
2.60609375e-09,1.68804688e-03
2.64609375e-09,1.63492188e-03
2.68609375e-09,1.58710938e-03
2.72609375e-09,1.43968750e-03
2.76609375e-09,1.16078125e-03
2.80609375e-09,8.31406250e-04
2.84609375e-09,5.91015625e-04
2.88609375e-09,5.31250000e-04
2.92609375e-09,6.10937500e-04
2.96609375e-09,6.91953125e-04
3.00609375e-09,6.42812500e-04
3.04609375e-09,4.56875000e-04
3.08609375e-09,2.65625000e-04
3.12609375e-09,2.43046875e-04
3.16609375e-09,4.70156250e-04
3.20609375e-09,8.63281250e-04
3.24609375e-09,1.22984375e-03
3.28609375e-09,1.41046875e-03
3.32609375e-09,1.38257813e-03
3.36609375e-09,1.26304688e-03
3.40609375e-09,1.18468750e-03
3.44609375e-09,1.19265625e-03
3.48609375e-09,1.20460938e-03
3.52609375e-09,1.10367188e-03
3.56609375e-09,8.51328125e-04
3.60609375e-09,5.33906250e-04
3.64609375e-09,2.93515625e-04
3.68609375e-09,2.19140625e-04
3.72609375e-09,2.73593750e-04
3.76609375e-09,3.46640625e-04
3.80609375e-09,3.46640625e-04
3.84609375e-09,2.82890625e-04
3.88609375e-09,2.36406250e-04
3.92609375e-09,2.74921875e-04
3.96609375e-09,3.86484375e-04
4.00609375e-09,4.96718750e-04
4.04609375e-09,5.45859375e-04
4.08609375e-09,5.56484375e-04
4.12609375e-09,6.04296875e-04
4.16609375e-09,7.50390625e-04
4.20609375e-09,9.61562500e-04
4.24609375e-09,1.12890625e-03
4.28609375e-09,1.15546875e-03
4.32609375e-09,1.03726563e-03
4.36609375e-09,8.69921875e-04
4.40609375e-09,7.61015625e-04
4.44609375e-09,7.47734375e-04
4.48609375e-09,7.59687500e-04
4.52609375e-09,7.01250000e-04
4.56609375e-09,5.29921875e-04
4.60609375e-09,3.04140625e-04
4.64609375e-09,1.22187500e-04
4.68609375e-09,4.78125000e-05
4.72609375e-09,5.71093750e-05
4.76609375e-09,8.36718750e-05
4.80609375e-09,8.63281250e-05
4.84609375e-09,9.42968750e-05
4.88609375e-09,1.67343750e-04
4.92609375e-09,3.17421875e-04
4.96609375e-09,4.83437500e-04
5.00609375e-09,5.69765625e-04
5.04609375e-09,5.40546875e-04
5.08609375e-09,4.68828125e-04
5.12609375e-09,4.80781250e-04
5.16609375e-09,6.50781250e-04
5.20609375e-09,9.23046875e-04
5.24609375e-09,1.14218750e-03
5.28609375e-09,1.17273438e-03
5.32609375e-09,1.00671875e-03
5.36609375e-09,7.59687500e-04
5.40609375e-09,5.76406250e-04
5.44609375e-09,5.11328125e-04
5.48609375e-09,5.04687500e-04
5.52609375e-09,4.54218750e-04
5.56609375e-09,3.26718750e-04
5.60609375e-09,1.84609375e-04
5.64609375e-09,1.28828125e-04
5.68609375e-09,1.85937500e-04
5.72609375e-09,2.82890625e-04
5.76609375e-09,3.13437500e-04
5.80609375e-09,2.41718750e-04
5.84609375e-09,1.58046875e-04
5.88609375e-09,1.99218750e-04
5.92609375e-09,4.25000000e-04
5.96609375e-09,7.43750000e-04
6.00609375e-09,9.69531250e-04
6.04609375e-09,9.72187500e-04
6.08609375e-09,7.79609375e-04
6.12609375e-09,5.63125000e-04
6.16609375e-09,4.90078125e-04
6.20609375e-09,5.96328125e-04
6.24609375e-09,7.57031250e-04
6.28609375e-09,8.07500000e-04
6.32609375e-09,6.83984375e-04
6.36609375e-09,4.76796875e-04
6.40609375e-09,3.51953125e-04
6.44609375e-09,4.03750000e-04
6.48609375e-09,5.76406250e-04
6.52609375e-09,7.11875000e-04
6.56609375e-09,6.80000000e-04
6.60609375e-09,4.80781250e-04
6.64609375e-09,2.41718750e-04
6.68609375e-09,1.15546875e-04
6.72609375e-09,1.64687500e-04
6.76609375e-09,3.32031250e-04
6.80609375e-09,4.96718750e-04
6.84609375e-09,5.79062500e-04
6.88609375e-09,5.80390625e-04
6.92609375e-09,5.71093750e-04
6.96609375e-09,6.12265625e-04
7.00609375e-09,7.10546875e-04
7.04609375e-09,8.16796875e-04
7.08609375e-09,8.81875000e-04
7.12609375e-09,8.80546875e-04
7.16609375e-09,8.27421875e-04
7.20609375e-09,7.46406250e-04
7.24609375e-09,6.49453125e-04
7.28609375e-09,5.37890625e-04
7.32609375e-09,4.22343750e-04
7.36609375e-09,3.29375000e-04
7.40609375e-09,2.92187500e-04
7.44609375e-09,3.10781250e-04
7.48609375e-09,3.53281250e-04
7.52609375e-09,3.71875000e-04
7.56609375e-09,3.43984375e-04
7.60609375e-09,2.97500000e-04
7.64609375e-09,2.85546875e-04
7.68609375e-09,3.50625000e-04
7.72609375e-09,4.82109375e-04
7.76609375e-09,6.20234375e-04
7.80609375e-09,7.07890625e-04
7.84609375e-09,7.26484375e-04
7.88609375e-09,7.09218750e-04
7.92609375e-09,7.09218750e-04
7.96609375e-09,7.53046875e-04
8.00609375e-09,8.26093750e-04
8.04609375e-09,8.91171875e-04
8.08609375e-09,9.11093750e-04
8.12609375e-09,8.73906250e-04
8.16609375e-09,7.86250000e-04
8.20609375e-09,6.58750000e-04
8.24609375e-09,5.02031250e-04
8.28609375e-09,3.38671875e-04
8.32609375e-09,2.05859375e-04
8.36609375e-09,1.48750000e-04
8.40609375e-09,1.95234375e-04
8.44609375e-09,3.30703125e-04
8.48609375e-09,5.00703125e-04
8.52609375e-09,6.45468750e-04
8.56609375e-09,7.23828125e-04
8.60609375e-09,7.33125000e-04
8.64609375e-09,6.93281250e-04
8.68609375e-09,6.33515625e-04
8.72609375e-09,5.73750000e-04
8.76609375e-09,5.23281250e-04
8.80609375e-09,4.94062500e-04
8.84609375e-09,4.92734375e-04
8.88609375e-09,5.11328125e-04
8.92609375e-09,5.32578125e-04
8.96609375e-09,5.28593750e-04
9.00609375e-09,4.87421875e-04
9.04609375e-09,4.19687500e-04
9.08609375e-09,3.55937500e-04
9.12609375e-09,3.25390625e-04
9.16609375e-09,3.34687500e-04
9.20609375e-09,3.61250000e-04
9.24609375e-09,3.70546875e-04
9.28609375e-09,3.42656250e-04
9.32609375e-09,2.81562500e-04
9.36609375e-09,2.12500000e-04
9.40609375e-09,1.55390625e-04
9.44609375e-09,1.23515625e-04
9.48609375e-09,1.15546875e-04
9.52609375e-09,1.43437500e-04
9.56609375e-09,2.28437500e-04
9.60609375e-09,3.85156250e-04
9.64609375e-09,5.89687500e-04
9.68609375e-09,7.62343750e-04
9.72609375e-09,8.11484375e-04
9.76609375e-09,7.01250000e-04
9.80609375e-09,4.98046875e-04
9.84609375e-09,3.49296875e-04
9.88609375e-09,3.91796875e-04
9.92609375e-09,6.37500000e-04
9.96609375e-09,9.42968750e-04
1.00060937e-08,1.08906250e-03
1.00460937e-08,9.42968750e-04
1.00860937e-08,5.52500000e-04
1.01260938e-08,1.31484375e-04
1.01660937e-08,-9.69531250e-05
1.02060937e-08,-5.31250000e-05
1.02460937e-08,1.46093750e-04
1.02860937e-08,2.92187500e-04
1.03260937e-08,2.56328125e-04
1.03660937e-08,8.76562500e-05
1.04060937e-08,-3.45312500e-05
1.04460937e-08,4.51562500e-05
1.04860937e-08,3.33359375e-04
1.05260937e-08,6.80000000e-04
1.05660937e-08,9.00468750e-04
1.06060938e-08,9.13750000e-04
1.06460937e-08,7.79609375e-04
1.06860937e-08,6.28203125e-04
1.07260937e-08,5.48515625e-04
1.07660937e-08,5.31250000e-04
1.08060937e-08,5.11328125e-04
1.08460937e-08,4.47578125e-04
1.08860937e-08,3.69218750e-04
1.09260937e-08,3.36015625e-04
1.09660937e-08,3.75859375e-04
1.10060937e-08,4.55546875e-04
1.10460937e-08,5.03359375e-04
1.10860938e-08,4.76796875e-04
1.11260937e-08,3.94453125e-04
1.11660937e-08,3.06796875e-04
1.12060937e-08,2.53671875e-04
1.12460937e-08,2.40390625e-04
1.12860937e-08,2.39062500e-04
1.13260937e-08,2.36406250e-04
1.13660937e-08,2.32421875e-04
1.14060937e-08,2.41718750e-04
1.14460937e-08,2.57656250e-04
1.14860937e-08,2.70937500e-04
1.15260937e-08,2.77578125e-04
1.15660938e-08,3.00156250e-04
1.16060937e-08,3.67890625e-04
1.16460937e-08,4.79453125e-04
1.16860937e-08,5.89687500e-04
1.17260937e-08,6.28203125e-04
1.17660937e-08,5.71093750e-04
1.18060937e-08,4.58203125e-04
1.18460937e-08,3.78515625e-04
1.18860937e-08,3.91796875e-04
1.19260937e-08,4.80781250e-04
1.19660937e-08,5.56484375e-04
1.20060937e-08,5.35234375e-04
1.20460938e-08,4.02421875e-04
1.20860937e-08,2.32421875e-04
1.21260937e-08,1.24843750e-04
1.21660937e-08,1.30156250e-04
1.22060937e-08,2.16484375e-04
1.22460937e-08,3.08125000e-04
1.22860937e-08,3.42656250e-04
1.23260937e-08,3.25390625e-04
1.23660937e-08,2.98828125e-04
1.24060937e-08,3.00156250e-04
1.24460937e-08,3.22734375e-04
1.24860937e-08,3.34687500e-04
1.25260937e-08,3.17421875e-04
1.25660937e-08,2.92187500e-04
1.26060937e-08,3.06796875e-04
1.26460937e-08,3.74531250e-04
1.26860937e-08,4.54218750e-04
1.27260937e-08,4.64843750e-04
1.27660937e-08,3.51953125e-04
1.28060937e-08,1.43437500e-04
1.28460937e-08,-5.71093750e-05
1.28860937e-08,-1.34140625e-04
1.29260937e-08,-3.45312500e-05
1.29660937e-08,2.00546875e-04
1.30060937e-08,4.62187500e-04
1.30460937e-08,6.50781250e-04
1.30860937e-08,7.23828125e-04
1.31260937e-08,7.01250000e-04
1.31660937e-08,6.36171875e-04
1.32060937e-08,5.60468750e-04
1.32460937e-08,4.80781250e-04
1.32860937e-08,3.90468750e-04
1.33260937e-08,2.97500000e-04
1.33660937e-08,2.36406250e-04
1.34060937e-08,2.43046875e-04
1.34460937e-08,3.30703125e-04
1.34860937e-08,4.68828125e-04
1.35260937e-08,5.96328125e-04
1.35660937e-08,6.50781250e-04
1.36060937e-08,6.05625000e-04
1.36460937e-08,4.75468750e-04
1.36860937e-08,3.16093750e-04
1.37260937e-08,1.88593750e-04
1.37660937e-08,1.36796875e-04
1.38060937e-08,1.72656250e-04
1.38460937e-08,2.64296875e-04
1.38860937e-08,3.57265625e-04
1.39260937e-08,3.95781250e-04
1.39660937e-08,3.61250000e-04
1.40060937e-08,2.84218750e-04
1.40460937e-08,2.28437500e-04
1.40860937e-08,2.55000000e-04
1.41260937e-08,3.70546875e-04
1.41660937e-08,5.21953125e-04
1.42060937e-08,6.25546875e-04
1.42460937e-08,6.28203125e-04
1.42860937e-08,5.40546875e-04
1.43260937e-08,4.35625000e-04
1.43660937e-08,3.90468750e-04
1.44060937e-08,4.32968750e-04
1.44460937e-08,5.27265625e-04
1.44860937e-08,6.02968750e-04
1.45260937e-08,6.14921875e-04
1.45660937e-08,5.67109375e-04
1.46060937e-08,4.99375000e-04
1.46460937e-08,4.51562500e-04
1.46860937e-08,4.35625000e-04
1.47260937e-08,4.39609375e-04
1.47660937e-08,4.51562500e-04
1.48060937e-08,4.74140625e-04
1.48460937e-08,5.12656250e-04
1.48860937e-08,5.59140625e-04
1.49260938e-08,5.81718750e-04
1.49660937e-08,5.47187500e-04
1.50060937e-08,4.52890625e-04
1.50460938e-08,3.45312500e-04
1.50860937e-08,2.92187500e-04
1.51260937e-08,3.34687500e-04
1.51660937e-08,4.48906250e-04
1.52060937e-08,5.60468750e-04
1.52460937e-08,5.98984375e-04
1.52860937e-08,5.55156250e-04
1.53260938e-08,4.86093750e-04
1.53660937e-08,4.67500000e-04
1.54060937e-08,5.24609375e-04
1.54460937e-08,6.09609375e-04
1.54860937e-08,6.37500000e-04
1.55260937e-08,5.61796875e-04
1.55660937e-08,4.22343750e-04
1.56060938e-08,3.14765625e-04
1.56460937e-08,3.17421875e-04
1.56860937e-08,4.23671875e-04
1.57260938e-08,5.43203125e-04
1.57660937e-08,5.73750000e-04
1.58060937e-08,4.74140625e-04
1.58460937e-08,3.00156250e-04
1.58860938e-08,1.54062500e-04
1.59260937e-08,1.16875000e-04
1.59660937e-08,1.97890625e-04
1.60060938e-08,3.46640625e-04
1.60460937e-08,4.99375000e-04
1.60860937e-08,6.13593750e-04
1.61260937e-08,6.80000000e-04
1.61660937e-08,7.01250000e-04
1.62060937e-08,6.72031250e-04
1.62460937e-08,5.89687500e-04
1.62860938e-08,4.70156250e-04
1.63260937e-08,3.51953125e-04
1.63660937e-08,2.78906250e-04
1.64060937e-08,2.70937500e-04
1.64460937e-08,3.08125000e-04
1.64860937e-08,3.45312500e-04
1.65260937e-08,3.49296875e-04
1.65660938e-08,3.21406250e-04
1.66060937e-08,2.93515625e-04
1.66460937e-08,2.93515625e-04
1.66860938e-08,3.24062500e-04
1.67260937e-08,3.54609375e-04
1.67660937e-08,3.53281250e-04
1.68060937e-08,3.16093750e-04
1.68460938e-08,2.82890625e-04
1.68860937e-08,3.06796875e-04
1.69260937e-08,4.14375000e-04
1.69660938e-08,5.77734375e-04
1.70060937e-08,7.17187500e-04
1.70460937e-08,7.53046875e-04
1.70860937e-08,6.52109375e-04
1.71260937e-08,4.60859375e-04
1.71660937e-08,2.76250000e-04
1.72060937e-08,2.01875000e-04
1.72460938e-08,2.78906250e-04
1.72860937e-08,4.63515625e-04
1.73260937e-08,6.52109375e-04
1.73660937e-08,7.41093750e-04
1.74060937e-08,6.86640625e-04
1.74460937e-08,5.21953125e-04
1.74860937e-08,3.37343750e-04
1.75260938e-08,2.13828125e-04
1.75660937e-08,1.89921875e-04
1.76060937e-08,2.41718750e-04
1.76460937e-08,3.13437500e-04
1.76860937e-08,3.59921875e-04
1.77260937e-08,3.65234375e-04
1.77660937e-08,3.41328125e-04
1.78060938e-08,3.10781250e-04
1.78460937e-08,2.93515625e-04
1.78860937e-08,2.96171875e-04
1.79260938e-08,3.21406250e-04
1.79660937e-08,3.74531250e-04
1.80060937e-08,4.55546875e-04
1.80460937e-08,5.55156250e-04
1.80860937e-08,6.50781250e-04
1.81260937e-08,7.18515625e-04
1.81660937e-08,7.37109375e-04
1.82060938e-08,7.02578125e-04
1.82460937e-08,6.24218750e-04
1.82860937e-08,5.28593750e-04
1.83260937e-08,4.42265625e-04
1.83660937e-08,3.83828125e-04
1.84060937e-08,3.53281250e-04
1.84460937e-08,3.38671875e-04
1.84860938e-08,3.24062500e-04
1.85260937e-08,3.02812500e-04
1.85660937e-08,2.82890625e-04
1.86060937e-08,2.82890625e-04
1.86460937e-08,3.10781250e-04
1.86860937e-08,3.51953125e-04
1.87260937e-08,3.74531250e-04
1.87660938e-08,3.50625000e-04
1.88060937e-08,2.76250000e-04
1.88460937e-08,1.77968750e-04
1.88860938e-08,9.42968750e-05
1.89260937e-08,4.64843750e-05
1.89660937e-08,3.18750000e-05
1.90060937e-08,4.11718750e-05
1.90460937e-08,7.03906250e-05
1.90860937e-08,1.26171875e-04
1.91260937e-08,2.13828125e-04
1.91660938e-08,3.10781250e-04
1.92060937e-08,3.78515625e-04
1.92460937e-08,3.85156250e-04
1.92860937e-08,3.41328125e-04
1.93260937e-08,2.94843750e-04
1.93660937e-08,2.94843750e-04
1.94060937e-08,3.45312500e-04
1.94460938e-08,3.97109375e-04
1.94860937e-08,3.97109375e-04
1.95260937e-08,3.33359375e-04
1.95660937e-08,2.61640625e-04
1.96060937e-08,2.52343750e-04
1.96460937e-08,3.28046875e-04
1.96860937e-08,4.30312500e-04
1.97260938e-08,4.67500000e-04
1.97660937e-08,4.06406250e-04
1.98060937e-08,3.09453125e-04
1.98460938e-08,2.94843750e-04
1.98860937e-08,4.25000000e-04
1.99260937e-08,6.34843750e-04
1.99660937e-08,7.68984375e-04
2.00060937e-08,7.07890625e-04
2.00460937e-08,4.76796875e-04
2.00860937e-08,2.37734375e-04
2.01260938e-08,1.62031250e-04
2.01660937e-08,2.90859375e-04
2.02060937e-08,4.90078125e-04
2.02460937e-08,5.69765625e-04
2.02860937e-08,4.38281250e-04
2.03260937e-08,1.81953125e-04
2.03660937e-08,-1.32812500e-06
2.04060938e-08,2.78906250e-05
2.04460937e-08,2.40390625e-04
2.04860937e-08,4.60859375e-04
2.05260937e-08,5.12656250e-04
2.05660937e-08,3.59921875e-04
2.06060937e-08,1.23515625e-04
2.06460937e-08,-1.99218750e-05
2.06860938e-08,3.05468750e-05
2.07260937e-08,2.37734375e-04
2.07660937e-08,4.75468750e-04
2.08060937e-08,6.32187500e-04
2.08460937e-08,6.72031250e-04
2.08860937e-08,6.22890625e-04
2.09260937e-08,5.24609375e-04
2.09660937e-08,3.95781250e-04
2.10060937e-08,2.51015625e-04
2.10460937e-08,1.24843750e-04
2.10860938e-08,7.30468750e-05
2.11260937e-08,1.26171875e-04
2.11660937e-08,2.47031250e-04
2.12060937e-08,3.46640625e-04
2.12460937e-08,3.49296875e-04
2.12860937e-08,2.65625000e-04
2.13260937e-08,1.81953125e-04
2.13660938e-08,1.91250000e-04
2.14060937e-08,3.04140625e-04
2.14460937e-08,4.38281250e-04
2.14860937e-08,4.84765625e-04
2.15260937e-08,4.03750000e-04
2.15660937e-08,2.56328125e-04
2.16060937e-08,1.44765625e-04
2.16460938e-08,1.20859375e-04
2.16860937e-08,1.47421875e-04
2.17260937e-08,1.55390625e-04
2.17660937e-08,1.22187500e-04
2.18060937e-08,1.08906250e-04
2.18460937e-08,2.00546875e-04
2.18860937e-08,4.09062500e-04
2.19260937e-08,6.34843750e-04
2.19660937e-08,7.35781250e-04
2.20060937e-08,6.45468750e-04
2.20460938e-08,4.50234375e-04
2.20860937e-08,3.17421875e-04
2.21260937e-08,3.63906250e-04
2.21660937e-08,5.43203125e-04
2.22060937e-08,6.74687500e-04
2.22460937e-08,5.95000000e-04
2.22860937e-08,3.00156250e-04
2.23260938e-08,-3.71875000e-05
2.23660937e-08,-1.89921875e-04
2.24060937e-08,-5.31250000e-05
2.24460937e-08,2.76250000e-04
2.24860937e-08,5.76406250e-04
2.25260937e-08,6.74687500e-04
2.25660937e-08,5.60468750e-04
2.26060938e-08,3.77187500e-04
2.26460937e-08,2.89531250e-04
2.26860937e-08,3.54609375e-04
2.27260937e-08,4.92734375e-04
2.27660937e-08,5.80390625e-04
2.28060937e-08,5.56484375e-04
2.28460937e-08,4.66171875e-04
2.28860937e-08,4.05078125e-04
2.29260937e-08,4.13046875e-04
2.29660937e-08,4.44921875e-04
2.30060937e-08,4.14375000e-04
2.30460937e-08,2.88203125e-04
2.30860937e-08,1.27500000e-04
2.31260937e-08,4.38281250e-05
2.31660937e-08,1.03593750e-04
2.32060937e-08,2.66953125e-04
2.32460937e-08,4.15703125e-04
2.32860938e-08,4.52890625e-04
2.33260937e-08,3.70546875e-04
2.33660937e-08,2.57656250e-04
2.34060937e-08,2.20468750e-04
2.34460937e-08,2.97500000e-04
2.34860937e-08,4.36953125e-04
2.35260937e-08,5.45859375e-04
2.35660937e-08,5.65781250e-04
2.36060937e-08,5.11328125e-04
2.36460937e-08,4.39609375e-04
2.36860937e-08,3.97109375e-04
2.37260937e-08,3.78515625e-04
2.37660937e-08,3.43984375e-04
2.38060937e-08,2.69609375e-04
2.38460937e-08,1.77968750e-04
2.38860937e-08,1.18203125e-04
2.39260937e-08,1.27500000e-04
2.39660937e-08,1.93906250e-04
2.40060937e-08,2.76250000e-04
2.40460937e-08,3.29375000e-04
2.40860937e-08,3.37343750e-04
2.41260937e-08,3.10781250e-04
2.41660937e-08,2.62968750e-04
2.42060937e-08,1.97890625e-04
2.42460938e-08,1.24843750e-04
2.42860937e-08,7.70312500e-05
2.43260937e-08,1.04921875e-04
2.43660937e-08,2.35078125e-04
2.44060937e-08,4.30312500e-04
2.44460937e-08,5.97656250e-04
2.44860937e-08,6.40156250e-04
2.45260937e-08,5.35234375e-04
2.45660937e-08,3.59921875e-04
2.46060937e-08,2.40390625e-04
2.46460937e-08,2.56328125e-04
2.46860937e-08,3.82500000e-04
2.47260937e-08,5.06015625e-04
2.47660937e-08,5.27265625e-04
2.48060937e-08,4.31640625e-04
2.48460937e-08,3.08125000e-04
2.48860937e-08,2.58984375e-04
2.49260937e-08,3.16093750e-04
2.49660937e-08,4.09062500e-04
2.50060937e-08,4.26328125e-04
2.50460937e-08,3.18750000e-04
2.50860937e-08,1.44765625e-04
2.51260937e-08,3.32031250e-05
2.51660937e-08,7.57031250e-05
2.52060938e-08,2.51015625e-04
2.52460937e-08,4.39609375e-04
2.52860937e-08,5.12656250e-04
2.53260937e-08,4.36953125e-04
2.53660937e-08,2.88203125e-04
2.54060937e-08,1.88593750e-04
2.54460937e-08,2.13828125e-04
2.54860937e-08,3.40000000e-04
2.55260937e-08,4.71484375e-04
2.55660937e-08,5.20625000e-04
2.56060937e-08,4.71484375e-04
2.56460937e-08,3.79843750e-04
2.56860937e-08,3.22734375e-04
2.57260937e-08,3.43984375e-04
2.57660937e-08,4.25000000e-04
2.58060937e-08,5.10000000e-04
2.58460937e-08,5.49843750e-04
2.58860937e-08,5.29921875e-04
2.59260937e-08,4.70156250e-04
2.59660937e-08,4.01093750e-04
2.60060937e-08,3.36015625e-04
2.60460937e-08,2.73593750e-04
2.60860937e-08,1.99218750e-04
2.61260937e-08,1.14218750e-04
2.61660937e-08,4.11718750e-05
2.62060937e-08,7.96875000e-06
2.62460937e-08,2.52343750e-05
2.62860937e-08,7.03906250e-05
2.63260937e-08,9.82812500e-05
2.63660937e-08,7.43750000e-05
2.64060937e-08,1.19531250e-05
2.64460937e-08,-2.92187500e-05
2.64860937e-08,2.25781250e-05
2.65260937e-08,1.97890625e-04
2.65660937e-08,4.50234375e-04
2.66060937e-08,6.73359375e-04
2.66460937e-08,7.63671875e-04
2.66860937e-08,6.82656250e-04
2.67260937e-08,4.88750000e-04
2.67660937e-08,3.00156250e-04
2.68060937e-08,2.23125000e-04
2.68460937e-08,2.85546875e-04
2.68860937e-08,4.30312500e-04
2.69260937e-08,5.52500000e-04
2.69660937e-08,5.80390625e-04
2.70060937e-08,5.13984375e-04
2.70460937e-08,4.17031250e-04
2.70860937e-08,3.59921875e-04
2.71260937e-08,3.70546875e-04
2.71660937e-08,4.22343750e-04
2.72060937e-08,4.56875000e-04
2.72460937e-08,4.34296875e-04
2.72860937e-08,3.58593750e-04
2.73260937e-08,2.64296875e-04
2.73660937e-08,2.00546875e-04
2.74060937e-08,1.88593750e-04
2.74460937e-08,2.29765625e-04
2.74860937e-08,3.02812500e-04
2.75260937e-08,3.83828125e-04
2.75660937e-08,4.51562500e-04
2.76060937e-08,4.88750000e-04
2.76460937e-08,4.95390625e-04
2.76860937e-08,4.82109375e-04
2.77260937e-08,4.70156250e-04
2.77660937e-08,4.75468750e-04
2.78060937e-08,4.94062500e-04
2.78460937e-08,5.04687500e-04
2.78860937e-08,4.94062500e-04
2.79260937e-08,4.59531250e-04
2.79660937e-08,4.18359375e-04
2.80060937e-08,3.79843750e-04
2.80460937e-08,3.38671875e-04
2.80860937e-08,2.73593750e-04
2.81260937e-08,1.76640625e-04
2.81660937e-08,7.70312500e-05
2.82060937e-08,2.65625000e-05
2.82460937e-08,6.37500000e-05
2.82860937e-08,1.77968750e-04
2.83260937e-08,3.01484375e-04
2.83660937e-08,3.58593750e-04
2.84060937e-08,3.20078125e-04
2.84460937e-08,2.32421875e-04
2.84860937e-08,1.76640625e-04
2.85260937e-08,2.16484375e-04
2.85660937e-08,3.34687500e-04
2.86060937e-08,4.48906250e-04
2.86460937e-08,4.64843750e-04
2.86860937e-08,3.51953125e-04
2.87260937e-08,1.64687500e-04
2.87660937e-08,1.32812500e-05
2.88060937e-08,-1.72656250e-05
2.88460937e-08,8.10156250e-05
2.88860937e-08,2.36406250e-04
2.89260937e-08,3.54609375e-04
2.89660937e-08,3.85156250e-04
2.90060937e-08,3.49296875e-04
2.90460937e-08,3.09453125e-04
2.90860937e-08,3.17421875e-04
2.91260937e-08,3.65234375e-04
2.91660937e-08,3.95781250e-04
2.92060937e-08,3.53281250e-04
2.92460937e-08,2.36406250e-04
2.92860937e-08,1.06250000e-04
2.93260937e-08,5.04687500e-05
2.93660937e-08,1.24843750e-04
2.94060937e-08,3.09453125e-04
2.94460937e-08,5.23281250e-04
2.94860937e-08,6.70703125e-04
2.95260937e-08,6.95937500e-04
2.95660937e-08,6.10937500e-04
2.96060937e-08,4.72812500e-04
2.96460937e-08,3.51953125e-04
2.96860937e-08,2.89531250e-04
2.97260937e-08,2.92187500e-04
2.97660937e-08,3.36015625e-04
2.98060937e-08,3.93125000e-04
2.98460937e-08,4.39609375e-04
2.98860937e-08,4.59531250e-04
2.99260937e-08,4.42265625e-04
2.99660938e-08,3.90468750e-04
3.00060938e-08,3.25390625e-04
3.00460937e-08,2.81562500e-04
3.00860937e-08,2.92187500e-04
3.01260937e-08,3.69218750e-04
3.01660937e-08,4.80781250e-04
3.02060937e-08,5.69765625e-04
3.02460938e-08,5.79062500e-04
3.02860937e-08,4.99375000e-04
3.03260937e-08,3.79843750e-04
3.03660937e-08,3.08125000e-04
3.04060937e-08,3.45312500e-04
3.04460937e-08,4.87421875e-04
3.04860937e-08,6.56093750e-04
3.05260938e-08,7.41093750e-04
3.05660937e-08,6.78671875e-04
3.06060937e-08,4.94062500e-04
3.06460937e-08,2.94843750e-04
3.06860937e-08,1.95234375e-04
3.07260937e-08,2.47031250e-04
3.07660937e-08,4.01093750e-04
3.08060938e-08,5.55156250e-04
3.08460937e-08,6.24218750e-04
3.08860937e-08,5.91015625e-04
3.09260937e-08,5.03359375e-04
3.09660937e-08,4.14375000e-04
3.10060937e-08,3.41328125e-04
3.10460937e-08,2.55000000e-04
3.10860938e-08,1.32812500e-04
3.11260937e-08,3.46944695e-18
3.11660937e-08,-7.83593750e-05
3.12060937e-08,-4.25000000e-05
3.12460937e-08,9.96093750e-05
3.12860937e-08,2.61640625e-04
3.13260938e-08,3.30703125e-04
3.13660938e-08,2.47031250e-04
3.14060937e-08,5.44531250e-05
3.14460937e-08,-1.30156250e-04
3.14860937e-08,-1.87265625e-04
3.15260937e-08,-7.03906250e-05
3.15660937e-08,1.67343750e-04
3.16060938e-08,4.25000000e-04
3.16460938e-08,6.12265625e-04
3.16860937e-08,7.01250000e-04
3.17260937e-08,7.15859375e-04
3.17660937e-08,6.91953125e-04
3.18060937e-08,6.38828125e-04
3.18460937e-08,5.43203125e-04
3.18860938e-08,4.05078125e-04
3.19260938e-08,2.66953125e-04
3.19660937e-08,2.00546875e-04
3.20060937e-08,2.57656250e-04
3.20460937e-08,4.14375000e-04
3.20860937e-08,5.71093750e-04
3.21260937e-08,6.20234375e-04
3.21660938e-08,5.21953125e-04
3.22060937e-08,3.43984375e-04
3.22460937e-08,2.19140625e-04
3.22860937e-08,2.37734375e-04
3.23260937e-08,3.82500000e-04
3.23660937e-08,5.33906250e-04
3.24060937e-08,5.56484375e-04
3.24460938e-08,4.05078125e-04
3.24860937e-08,1.60703125e-04
3.25260937e-08,-3.18750000e-05
3.25660937e-08,-5.71093750e-05
3.26060937e-08,9.16406250e-05
3.26460937e-08,3.21406250e-04
3.26860937e-08,5.04687500e-04
3.27260938e-08,5.61796875e-04
3.27660937e-08,4.87421875e-04
3.28060937e-08,3.41328125e-04
3.28460937e-08,1.99218750e-04
3.28860937e-08,1.16875000e-04
3.29260937e-08,1.14218750e-04
3.29660937e-08,1.79296875e-04
3.30060938e-08,2.80234375e-04
3.30460937e-08,3.75859375e-04
3.30860937e-08,4.22343750e-04
3.31260937e-08,3.97109375e-04
3.31660937e-08,3.05468750e-04
3.32060937e-08,1.77968750e-04
3.32460937e-08,7.03906250e-05
3.32860938e-08,2.52343750e-05
3.33260937e-08,7.03906250e-05
3.33660937e-08,1.96562500e-04
3.34060937e-08,3.63906250e-04
3.34460937e-08,5.08671875e-04
3.34860937e-08,5.64453125e-04
3.35260938e-08,4.91406250e-04
3.35660938e-08,3.12109375e-04
3.36060937e-08,1.08906250e-04
3.36460937e-08,-1.32812500e-05
3.36860937e-08,1.32812500e-05
3.37260937e-08,1.56718750e-04
3.37660937e-08,3.05468750e-04
3.38060938e-08,3.37343750e-04
3.38460938e-08,2.20468750e-04
3.38860937e-08,3.98437500e-05
3.39260937e-08,-5.04687500e-05
3.39660937e-08,5.84375000e-05
3.40060937e-08,3.33359375e-04
3.40460937e-08,6.24218750e-04
3.40860938e-08,7.62343750e-04
3.41260937e-08,6.86640625e-04
3.41660937e-08,4.78125000e-04
3.42060937e-08,3.01484375e-04
3.42460937e-08,2.72265625e-04
3.42860937e-08,3.79843750e-04
3.43260937e-08,5.10000000e-04
3.43660938e-08,5.44531250e-04
3.44060937e-08,4.52890625e-04
3.44460937e-08,3.05468750e-04
3.44860937e-08,2.16484375e-04
3.45260937e-08,2.41718750e-04
3.45660937e-08,3.49296875e-04
3.46060937e-08,4.54218750e-04
3.46460938e-08,4.86093750e-04
3.46860937e-08,4.42265625e-04
3.47260937e-08,3.75859375e-04
3.47660937e-08,3.42656250e-04
3.48060937e-08,3.53281250e-04
3.48460937e-08,3.71875000e-04
3.48860937e-08,3.62578125e-04
3.49260938e-08,3.16093750e-04
3.49660937e-08,2.65625000e-04
3.50060937e-08,2.41718750e-04
3.50460937e-08,2.51015625e-04
3.50860937e-08,2.69609375e-04
3.51260937e-08,2.74921875e-04
3.51660937e-08,2.81562500e-04
3.52060938e-08,3.33359375e-04
3.52460937e-08,4.54218750e-04
3.52860937e-08,6.17578125e-04
3.53260937e-08,7.39765625e-04
3.53660937e-08,7.42421875e-04
3.54060937e-08,6.16250000e-04
3.54460938e-08,4.32968750e-04
3.54860938e-08,3.02812500e-04
3.55260937e-08,2.84218750e-04
3.55660937e-08,3.50625000e-04
3.56060937e-08,4.03750000e-04
3.56460937e-08,3.59921875e-04
3.56860937e-08,2.12500000e-04
3.57260938e-08,3.85156250e-05
3.57660938e-08,-6.24218750e-05
3.58060937e-08,-3.98437500e-05
3.58460937e-08,7.83593750e-05
3.58860937e-08,2.19140625e-04
3.59260937e-08,3.21406250e-04
3.59660937e-08,3.67890625e-04
3.60060938e-08,3.73203125e-04
3.60460937e-08,3.61250000e-04
3.60860937e-08,3.45312500e-04
3.61260937e-08,3.25390625e-04
3.61660937e-08,3.09453125e-04
3.62060937e-08,3.08125000e-04
3.62460937e-08,3.14765625e-04
3.62860938e-08,3.02812500e-04
3.63260937e-08,2.41718750e-04
3.63660937e-08,1.31484375e-04
3.64060937e-08,2.39062500e-05
3.64460937e-08,-2.65625000e-06
3.64860937e-08,9.03125000e-05
3.65260937e-08,2.66953125e-04
3.65660938e-08,4.31640625e-04
3.66060937e-08,4.98046875e-04
3.66460937e-08,4.56875000e-04
3.66860937e-08,3.73203125e-04
3.67260937e-08,3.26718750e-04
3.67660937e-08,3.45312500e-04
3.68060937e-08,3.74531250e-04
3.68460938e-08,3.42656250e-04
3.68860937e-08,2.24453125e-04
3.69260937e-08,7.70312500e-05
3.69660937e-08,-2.65625000e-06
3.70060937e-08,4.11718750e-05
3.70460937e-08,1.80625000e-04
3.70860937e-08,3.26718750e-04
3.71260938e-08,4.01093750e-04
3.71660937e-08,3.90468750e-04
3.72060937e-08,3.42656250e-04
3.72460937e-08,3.14765625e-04
3.72860937e-08,3.24062500e-04
3.73260937e-08,3.49296875e-04
3.73660937e-08,3.59921875e-04
3.74060938e-08,3.50625000e-04
3.74460937e-08,3.38671875e-04
3.74860937e-08,3.42656250e-04
3.75260937e-08,3.51953125e-04
3.75660937e-08,3.46640625e-04
3.76060937e-08,3.22734375e-04
3.76460938e-08,3.05468750e-04
3.76860938e-08,3.29375000e-04
3.77260937e-08,3.95781250e-04
3.77660937e-08,4.63515625e-04
3.78060937e-08,4.79453125e-04
3.78460937e-08,4.26328125e-04
3.78860937e-08,3.43984375e-04
3.79260938e-08,3.02812500e-04
3.79660937e-08,3.33359375e-04
3.80060937e-08,3.91796875e-04
3.80460937e-08,3.98437500e-04
3.80860937e-08,3.05468750e-04
3.81260937e-08,1.58046875e-04
3.81660937e-08,6.10937500e-05
3.82060938e-08,9.42968750e-05
3.82460937e-08,2.35078125e-04
3.82860937e-08,3.70546875e-04
3.83260937e-08,3.73203125e-04
3.83660937e-08,2.16484375e-04
3.84060937e-08,-5.31250000e-06
3.84460937e-08,-1.40781250e-04
3.84860938e-08,-9.42968750e-05
3.85260937e-08,1.07578125e-04
3.85660937e-08,3.38671875e-04
3.86060937e-08,4.71484375e-04
3.86460937e-08,4.60859375e-04
3.86860937e-08,3.58593750e-04
3.87260937e-08,2.60312500e-04
3.87660938e-08,2.27109375e-04
3.88060937e-08,2.56328125e-04
3.88460937e-08,3.01484375e-04
3.88860937e-08,3.14765625e-04
3.89260937e-08,2.78906250e-04
3.89660937e-08,2.04531250e-04
3.90060937e-08,1.14218750e-04
3.90460938e-08,2.39062500e-05
3.90860937e-08,-4.64843750e-05
3.91260937e-08,-7.43750000e-05
3.91660937e-08,-3.05468750e-05
3.92060937e-08,8.36718750e-05
3.92460937e-08,2.33750000e-04
3.92860937e-08,3.58593750e-04
3.93260938e-08,4.05078125e-04
3.93660937e-08,3.74531250e-04
3.94060937e-08,3.16093750e-04
3.94460937e-08,2.93515625e-04
3.94860937e-08,3.34687500e-04
3.95260937e-08,4.03750000e-04
3.95660937e-08,4.28984375e-04
3.96060938e-08,3.57265625e-04
3.96460937e-08,2.03203125e-04
3.96860937e-08,4.91406250e-05
3.97260937e-08,-1.32812500e-05
3.97660937e-08,5.17968750e-05
3.98060937e-08,2.05859375e-04
3.98460938e-08,3.53281250e-04
3.98860937e-08,4.15703125e-04
3.99260937e-08,3.82500000e-04
3.99660937e-08,3.12109375e-04
4.00060937e-08,2.82890625e-04
4.00460937e-08,3.38671875e-04
4.00860937e-08,4.48906250e-04
4.01260938e-08,5.35234375e-04
4.01660937e-08,5.25937500e-04
4.02060937e-08,4.11718750e-04
4.02460937e-08,2.53671875e-04
4.02860937e-08,1.48750000e-04
4.03260937e-08,1.66015625e-04
4.03660937e-08,2.97500000e-04
4.04060938e-08,4.68828125e-04
4.04460937e-08,5.80390625e-04
4.04860937e-08,5.79062500e-04
4.05260937e-08,4.88750000e-04
4.05660937e-08,3.95781250e-04
4.06060937e-08,3.90468750e-04
4.06460937e-08,4.94062500e-04
4.06860938e-08,6.40156250e-04
4.07260937e-08,7.17187500e-04
4.07660937e-08,6.37500000e-04
4.08060937e-08,4.14375000e-04
4.08460937e-08,1.56718750e-04
4.08860937e-08,6.64062500e-06
4.09260937e-08,4.64843750e-05
4.09660938e-08,2.37734375e-04
4.10060937e-08,4.54218750e-04
4.10460937e-08,5.57812500e-04
4.10860937e-08,4.95390625e-04
4.11260937e-08,3.20078125e-04
4.11660937e-08,1.46093750e-04
4.12060937e-08,5.71093750e-05
4.12460938e-08,6.50781250e-05
4.12860937e-08,1.15546875e-04
4.13260937e-08,1.50078125e-04
4.13660937e-08,1.50078125e-04
4.14060937e-08,1.34140625e-04
4.14460937e-08,1.26171875e-04
4.14860937e-08,1.30156250e-04
4.15260938e-08,1.26171875e-04
4.15660937e-08,1.08906250e-04
4.16060937e-08,9.82812500e-05
4.16460937e-08,1.27500000e-04
4.16860937e-08,2.00546875e-04
4.17260937e-08,2.89531250e-04
4.17660937e-08,3.53281250e-04
4.18060937e-08,3.74531250e-04
4.18460937e-08,3.75859375e-04
4.18860937e-08,3.93125000e-04
4.19260937e-08,4.35625000e-04
4.19660937e-08,4.70156250e-04
4.20060937e-08,4.44921875e-04
4.20460938e-08,3.46640625e-04
4.20860937e-08,2.24453125e-04
4.21260937e-08,1.58046875e-04
4.21660937e-08,2.05859375e-04
4.22060937e-08,3.55937500e-04
4.22460937e-08,5.32578125e-04
4.22860937e-08,6.49453125e-04
4.23260938e-08,6.65390625e-04
4.23660937e-08,5.95000000e-04
4.24060937e-08,4.86093750e-04
4.24460937e-08,3.82500000e-04
4.24860937e-08,3.08125000e-04
4.25260937e-08,2.73593750e-04
4.25660937e-08,2.89531250e-04
4.26060938e-08,3.61250000e-04
4.26460937e-08,4.60859375e-04
4.26860937e-08,5.27265625e-04
4.27260937e-08,4.95390625e-04
4.27660937e-08,3.51953125e-04
4.28060937e-08,1.59375000e-04
4.28460937e-08,3.05468750e-05
4.28860938e-08,5.57812500e-05
4.29260937e-08,2.31093750e-04
4.29660937e-08,4.58203125e-04
4.30060937e-08,6.09609375e-04
4.30460937e-08,6.13593750e-04
4.30860937e-08,4.98046875e-04
4.31260937e-08,3.59921875e-04
4.31660938e-08,2.84218750e-04
4.32060937e-08,2.93515625e-04
4.32460937e-08,3.43984375e-04
4.32860937e-08,3.77187500e-04
4.33260937e-08,3.69218750e-04
4.33660937e-08,3.37343750e-04
4.34060937e-08,3.16093750e-04
4.34460938e-08,3.18750000e-04
4.34860937e-08,3.34687500e-04
4.35260937e-08,3.46640625e-04
4.35660937e-08,3.46640625e-04
4.36060937e-08,3.45312500e-04
4.36460937e-08,3.46640625e-04
4.36860937e-08,3.46640625e-04
4.37260937e-08,3.36015625e-04
4.37660937e-08,3.20078125e-04
4.38060937e-08,3.16093750e-04
4.38460937e-08,3.40000000e-04
4.38860937e-08,3.78515625e-04
4.39260937e-08,3.86484375e-04
4.39660937e-08,3.25390625e-04
4.40060937e-08,2.05859375e-04
4.40460937e-08,9.56250000e-05
4.40860937e-08,7.43750000e-05
4.41260937e-08,1.66015625e-04
4.41660937e-08,3.14765625e-04
4.42060937e-08,4.19687500e-04
4.42460938e-08,4.15703125e-04
4.42860937e-08,3.28046875e-04
4.43260937e-08,2.55000000e-04
4.43660937e-08,2.76250000e-04
4.44060937e-08,3.78515625e-04
4.44460937e-08,4.60859375e-04
4.44860937e-08,4.13046875e-04
4.45260938e-08,2.20468750e-04
4.45660937e-08,-1.06250000e-05
4.46060937e-08,-1.23515625e-04
4.46460937e-08,-3.85156250e-05
4.46860937e-08,1.83281250e-04
4.47260937e-08,3.86484375e-04
4.47660937e-08,4.36953125e-04
4.48060938e-08,3.28046875e-04
4.48460937e-08,1.70000000e-04
4.48860937e-08,9.69531250e-05
4.49260937e-08,1.55390625e-04
4.49660937e-08,2.86875000e-04
4.50060937e-08,3.86484375e-04
4.50460937e-08,4.01093750e-04
4.50860938e-08,3.62578125e-04
4.51260937e-08,3.46640625e-04
4.51660937e-08,3.93125000e-04
4.52060937e-08,4.64843750e-04
4.52460937e-08,4.88750000e-04
4.52860937e-08,4.32968750e-04
4.53260937e-08,3.36015625e-04
4.53660937e-08,2.73593750e-04
4.54060937e-08,2.92187500e-04
4.54460937e-08,3.61250000e-04
4.54860937e-08,4.03750000e-04
4.55260937e-08,3.74531250e-04
4.55660937e-08,2.96171875e-04
4.56060937e-08,2.49687500e-04
4.56460937e-08,2.96171875e-04
4.56860937e-08,4.17031250e-04
4.57260937e-08,5.31250000e-04
4.57660937e-08,5.59140625e-04
4.58060937e-08,4.88750000e-04
4.58460937e-08,3.77187500e-04
4.58860937e-08,2.94843750e-04
4.59260937e-08,2.60312500e-04
4.59660937e-08,2.36406250e-04
4.60060937e-08,1.80625000e-04
4.60460937e-08,9.42968750e-05
4.60860937e-08,3.71875000e-05
4.61260937e-08,6.77343750e-05
4.61660937e-08,1.85937500e-04
4.62060937e-08,3.13437500e-04
4.62460937e-08,3.54609375e-04
4.62860937e-08,2.80234375e-04
4.63260937e-08,1.51406250e-04
4.63660937e-08,7.57031250e-05
4.64060937e-08,1.18203125e-04
4.64460938e-08,2.48359375e-04
4.64860937e-08,3.53281250e-04
4.65260937e-08,3.38671875e-04
4.65660937e-08,1.91250000e-04
4.66060937e-08,-1.32812500e-06
4.66460937e-08,-1.18203125e-04
4.66860937e-08,-9.56250000e-05
4.67260938e-08,3.71875000e-05
4.67660937e-08,1.87265625e-04
4.68060937e-08,2.76250000e-04
4.68460937e-08,2.90859375e-04
4.68860937e-08,2.86875000e-04
4.69260937e-08,3.24062500e-04
4.69660937e-08,4.17031250e-04
4.70060938e-08,5.21953125e-04
4.70460937e-08,5.76406250e-04
4.70860937e-08,5.52500000e-04
4.71260937e-08,4.76796875e-04
4.71660937e-08,4.02421875e-04
4.72060937e-08,3.58593750e-04
4.72460937e-08,3.34687500e-04
4.72860937e-08,2.90859375e-04
4.73260937e-08,2.08515625e-04
4.73660937e-08,1.10234375e-04
4.74060937e-08,4.64843750e-05
4.74460937e-08,5.31250000e-05
4.74860937e-08,1.14218750e-04
4.75260937e-08,1.77968750e-04
4.75660937e-08,2.03203125e-04
4.76060937e-08,1.87265625e-04
4.76460937e-08,1.76640625e-04
4.76860937e-08,2.16484375e-04
4.77260937e-08,3.10781250e-04
4.77660937e-08,4.13046875e-04
4.78060937e-08,4.54218750e-04
4.78460937e-08,4.06406250e-04
4.78860937e-08,3.02812500e-04
4.79260937e-08,2.17812500e-04
4.79660937e-08,2.08515625e-04
4.80060937e-08,2.66953125e-04
4.80460937e-08,3.33359375e-04
4.80860937e-08,3.47968750e-04
4.81260937e-08,3.00156250e-04
4.81660937e-08,2.39062500e-04
4.82060937e-08,2.25781250e-04
4.82460937e-08,2.73593750e-04
4.82860937e-08,3.32031250e-04
4.83260937e-08,3.33359375e-04
4.83660937e-08,2.53671875e-04
4.84060937e-08,1.50078125e-04
4.84460937e-08,1.12890625e-04
4.84860937e-08,1.88593750e-04
4.85260937e-08,3.34687500e-04
4.85660937e-08,4.42265625e-04
4.86060937e-08,4.27656250e-04
4.86460938e-08,2.97500000e-04
4.86860937e-08,1.47421875e-04
4.87260937e-08,8.36718750e-05
4.87660937e-08,1.43437500e-04
4.88060937e-08,2.72265625e-04
4.88460937e-08,3.79843750e-04
4.88860937e-08,4.17031250e-04
4.89260938e-08,4.09062500e-04
4.89660937e-08,4.19687500e-04
4.90060937e-08,4.83437500e-04
4.90460937e-08,5.64453125e-04
4.90860937e-08,5.84375000e-04
4.91260937e-08,4.90078125e-04
4.91660937e-08,3.04140625e-04
4.92060937e-08,1.14218750e-04
4.92460937e-08,1.06250000e-05
4.92860937e-08,2.52343750e-05
4.93260937e-08,1.19531250e-04
4.93660937e-08,2.17812500e-04
4.94060937e-08,2.69609375e-04
4.94460937e-08,2.69609375e-04
4.94860937e-08,2.48359375e-04
4.95260937e-08,2.29765625e-04
4.95660937e-08,2.13828125e-04
4.96060937e-08,1.88593750e-04
4.96460937e-08,1.52734375e-04
4.96860937e-08,1.32812500e-04
4.97260937e-08,1.55390625e-04
4.97660937e-08,2.20468750e-04
4.98060937e-08,2.86875000e-04
4.98460937e-08,3.00156250e-04
4.98860937e-08,2.33750000e-04
4.99260937e-08,1.19531250e-04
4.99660937e-08,3.45312500e-05
5.00060937e-08,4.38281250e-05
5.00460937e-08,1.56718750e-04
5.00860937e-08,3.14765625e-04
5.01260937e-08,4.30312500e-04
5.01660937e-08,4.43593750e-04
5.02060937e-08,3.70546875e-04
5.02460937e-08,2.82890625e-04
5.02860937e-08,2.57656250e-04
5.03260937e-08,3.18750000e-04
5.03660937e-08,4.15703125e-04
5.04060937e-08,4.62187500e-04
5.04460937e-08,3.99765625e-04
5.04860937e-08,2.56328125e-04
5.05260937e-08,1.32812500e-04
5.05660938e-08,1.34140625e-04
5.06060937e-08,2.88203125e-04
5.06460937e-08,5.07343750e-04
5.06860937e-08,6.44140625e-04
5.07260937e-08,5.91015625e-04
5.07660937e-08,3.67890625e-04
5.08060937e-08,1.16875000e-04
5.08460938e-08,9.29687500e-06
5.08860937e-08,1.22187500e-04
5.09260937e-08,3.79843750e-04
5.09660937e-08,6.01640625e-04
5.10060937e-08,6.28203125e-04
5.10460937e-08,4.30312500e-04
5.10860937e-08,1.30156250e-04
5.11260937e-08,-8.36718750e-05
5.11660937e-08,-8.23437500e-05
5.12060937e-08,1.23515625e-04
5.12460937e-08,4.10390625e-04
5.12860937e-08,6.25546875e-04
5.13260937e-08,6.86640625e-04
5.13660937e-08,6.12265625e-04
5.14060937e-08,4.79453125e-04
5.14460937e-08,3.69218750e-04
5.14860937e-08,3.13437500e-04
5.15260937e-08,3.00156250e-04
5.15660937e-08,3.02812500e-04
5.16060937e-08,2.92187500e-04
5.16460937e-08,2.49687500e-04
5.16860937e-08,1.64687500e-04
5.17260937e-08,4.64843750e-05
5.17660937e-08,-6.50781250e-05
5.18060937e-08,-1.08906250e-04
5.18460937e-08,-4.11718750e-05
5.18860937e-08,1.20859375e-04
5.19260937e-08,2.96171875e-04
5.19660937e-08,3.87812500e-04
5.20060937e-08,3.63906250e-04
5.20460937e-08,2.82890625e-04
5.20860937e-08,2.58984375e-04
5.21260937e-08,3.59921875e-04
5.21660937e-08,5.47187500e-04
5.22060937e-08,6.93281250e-04
5.22460937e-08,6.89296875e-04
5.22860937e-08,5.32578125e-04
5.23260937e-08,3.42656250e-04
5.23660937e-08,2.61640625e-04
5.24060937e-08,3.40000000e-04
5.24460937e-08,4.96718750e-04
5.24860937e-08,5.92343750e-04
5.25260937e-08,5.43203125e-04
5.25660937e-08,3.93125000e-04
5.26060937e-08,2.70937500e-04
5.26460937e-08,2.76250000e-04
5.26860937e-08,3.94453125e-04
5.27260937e-08,5.11328125e-04
5.27660938e-08,5.19296875e-04
5.28060937e-08,4.09062500e-04
5.28460937e-08,2.73593750e-04
5.28860937e-08,2.28437500e-04
5.29260937e-08,3.02812500e-04
5.29660937e-08,4.11718750e-04
5.30060937e-08,4.26328125e-04
5.30460937e-08,2.85546875e-04
5.30860937e-08,5.31250000e-05
5.31260937e-08,-1.26171875e-04
5.31660937e-08,-1.23515625e-04
5.32060937e-08,7.83593750e-05
5.32460937e-08,3.77187500e-04
5.32860937e-08,6.25546875e-04
5.33260937e-08,7.23828125e-04
5.33660937e-08,6.61406250e-04
5.34060937e-08,5.03359375e-04
5.34460937e-08,3.37343750e-04
5.34860937e-08,2.28437500e-04
5.35260937e-08,2.00546875e-04
5.35660937e-08,2.36406250e-04
5.36060937e-08,2.93515625e-04
5.36460937e-08,3.17421875e-04
5.36860937e-08,2.61640625e-04
5.37260937e-08,1.24843750e-04
5.37660937e-08,-3.85156250e-05
5.38060937e-08,-1.34140625e-04
5.38460937e-08,-9.03125000e-05
5.38860937e-08,9.16406250e-05
5.39260937e-08,3.20078125e-04
5.39660937e-08,4.76796875e-04
5.40060937e-08,5.00703125e-04
5.40460937e-08,4.22343750e-04
5.40860937e-08,3.41328125e-04
5.41260937e-08,3.32031250e-04
5.41660937e-08,3.79843750e-04
5.42060937e-08,3.93125000e-04
5.42460937e-08,2.88203125e-04
5.42860937e-08,7.30468750e-05
5.43260937e-08,-1.46093750e-04
5.43660937e-08,-2.37734375e-04
5.44060937e-08,-1.48750000e-04
5.44460937e-08,5.97656250e-05
5.44860937e-08,2.58984375e-04
5.45260937e-08,3.59921875e-04
5.45660937e-08,3.69218750e-04
5.46060937e-08,3.65234375e-04
5.46460937e-08,4.11718750e-04
5.46860937e-08,4.91406250e-04
5.47260937e-08,5.17968750e-04
5.47660937e-08,4.23671875e-04
5.48060937e-08,2.27109375e-04
5.48460937e-08,3.45312500e-05
5.48860937e-08,-3.71875000e-05
5.49260937e-08,4.64843750e-05
5.49660937e-08,2.13828125e-04
5.50060937e-08,3.40000000e-04
5.50460937e-08,3.49296875e-04
5.50860937e-08,2.64296875e-04
5.51260937e-08,1.81953125e-04
5.51660937e-08,1.91250000e-04
5.52060937e-08,3.00156250e-04
5.52460937e-08,4.47578125e-04
5.52860937e-08,5.51171875e-04
5.53260937e-08,5.73750000e-04
5.53660937e-08,5.33906250e-04
5.54060937e-08,4.71484375e-04
5.54460937e-08,3.93125000e-04
5.54860937e-08,2.78906250e-04
5.55260937e-08,1.16875000e-04
5.55660937e-08,-5.44531250e-05
5.56060937e-08,-1.48750000e-04
5.56460937e-08,-9.42968750e-05
5.56860937e-08,1.02265625e-04
5.57260937e-08,3.38671875e-04
5.57660937e-08,4.87421875e-04
5.58060937e-08,4.84765625e-04
5.58460937e-08,3.85156250e-04
5.58860937e-08,3.10781250e-04
5.59260937e-08,3.58593750e-04
5.59660937e-08,5.11328125e-04
5.60060937e-08,6.54765625e-04
5.60460937e-08,6.64062500e-04
5.60860937e-08,5.06015625e-04
5.61260937e-08,2.72265625e-04
5.61660937e-08,1.06250000e-04
5.62060937e-08,9.82812500e-05
5.62460937e-08,2.27109375e-04
5.62860937e-08,3.85156250e-04
5.63260937e-08,4.62187500e-04
5.63660937e-08,4.21015625e-04
5.64060937e-08,3.12109375e-04
5.64460937e-08,2.19140625e-04
5.64860937e-08,1.91250000e-04
5.65260937e-08,2.27109375e-04
5.65660937e-08,2.85546875e-04
5.66060937e-08,3.28046875e-04
5.66460937e-08,3.40000000e-04
5.66860937e-08,3.20078125e-04
5.67260937e-08,2.62968750e-04
5.67660937e-08,1.60703125e-04
5.68060937e-08,2.65625000e-05
5.68460937e-08,-9.69531250e-05
5.68860937e-08,-1.40781250e-04
5.69260937e-08,-5.71093750e-05
5.69660937e-08,1.47421875e-04
5.70060937e-08,3.99765625e-04
5.70460937e-08,6.02968750e-04
5.70860937e-08,6.86640625e-04
5.71260937e-08,6.44140625e-04
5.71660937e-08,5.23281250e-04
5.72060937e-08,3.91796875e-04
5.72460937e-08,3.01484375e-04
5.72860937e-08,2.73593750e-04
5.73260937e-08,3.00156250e-04
5.73660937e-08,3.59921875e-04
5.74060937e-08,4.13046875e-04
5.74460937e-08,4.19687500e-04
5.74860937e-08,3.54609375e-04
5.75260937e-08,2.37734375e-04
5.75660937e-08,1.28828125e-04
5.76060937e-08,1.00937500e-04
5.76460937e-08,1.91250000e-04
5.76860937e-08,3.57265625e-04
5.77260937e-08,5.06015625e-04
5.77660937e-08,5.45859375e-04
5.78060937e-08,4.58203125e-04
5.78460937e-08,3.06796875e-04
5.78860937e-08,1.93906250e-04
5.79260937e-08,1.91250000e-04
5.79660937e-08,2.84218750e-04
5.80060937e-08,3.97109375e-04
5.80460937e-08,4.48906250e-04
5.80860937e-08,4.10390625e-04
5.81260937e-08,3.24062500e-04
5.81660937e-08,2.58984375e-04
5.82060937e-08,2.65625000e-04
5.82460937e-08,3.32031250e-04
5.82860937e-08,4.11718750e-04
5.83260937e-08,4.56875000e-04
5.83660937e-08,4.62187500e-04
5.84060937e-08,4.56875000e-04
5.84460937e-08,4.80781250e-04
5.84860937e-08,5.39218750e-04
5.85260937e-08,5.97656250e-04
5.85660937e-08,6.16250000e-04
5.86060937e-08,5.80390625e-04
5.86460937e-08,5.17968750e-04
5.86860937e-08,4.70156250e-04
5.87260937e-08,4.46250000e-04
5.87660937e-08,4.11718750e-04
5.88060937e-08,3.16093750e-04
5.88460937e-08,1.55390625e-04
5.88860937e-08,-1.32812500e-06
5.89260937e-08,-4.78125000e-05
5.89660937e-08,7.96875000e-05
5.90060937e-08,3.38671875e-04
5.90460937e-08,5.96328125e-04
5.90860937e-08,7.17187500e-04
5.91260937e-08,6.53437500e-04
5.91660937e-08,4.80781250e-04
5.92060937e-08,3.32031250e-04
5.92460937e-08,2.88203125e-04
5.92860937e-08,3.29375000e-04
5.93260937e-08,3.55937500e-04
5.93660937e-08,2.84218750e-04
5.94060937e-08,1.24843750e-04
5.94460937e-08,-2.12500000e-05
5.94860937e-08,-3.98437500e-05
5.95260937e-08,1.08906250e-04
5.95660937e-08,3.55937500e-04
5.96060937e-08,5.73750000e-04
5.96460937e-08,6.58750000e-04
5.96860937e-08,5.97656250e-04
5.97260937e-08,4.52890625e-04
5.97660937e-08,3.13437500e-04
5.98060937e-08,2.27109375e-04
5.98460938e-08,1.88593750e-04
5.98860937e-08,1.67343750e-04
5.99260937e-08,1.44765625e-04
5.99660937e-08,1.35468750e-04
6.00060937e-08,1.64687500e-04
6.00460937e-08,2.36406250e-04
6.00860937e-08,3.21406250e-04
6.01260938e-08,3.74531250e-04
6.01660937e-08,3.74531250e-04
6.02060937e-08,3.36015625e-04
6.02460937e-08,3.06796875e-04
6.02860937e-08,3.20078125e-04
6.03260938e-08,3.65234375e-04
6.03660937e-08,3.95781250e-04
6.04060938e-08,3.55937500e-04
6.04460937e-08,2.36406250e-04
6.04860937e-08,8.63281250e-05
6.05260937e-08,-1.72656250e-05
6.05660937e-08,-1.19531250e-05
6.06060938e-08,9.42968750e-05
6.06460937e-08,2.36406250e-04
6.06860938e-08,3.33359375e-04
6.07260937e-08,3.43984375e-04
6.07660937e-08,3.01484375e-04
6.08060937e-08,2.80234375e-04
6.08460937e-08,3.43984375e-04
6.08860938e-08,4.86093750e-04
6.09260937e-08,6.37500000e-04
6.09660938e-08,7.05234375e-04
6.10060937e-08,6.44140625e-04
6.10460937e-08,4.91406250e-04
6.10860937e-08,3.36015625e-04
6.11260937e-08,2.61640625e-04
6.11660938e-08,2.86875000e-04
6.12060937e-08,3.62578125e-04
6.12460938e-08,4.06406250e-04
6.12860937e-08,3.74531250e-04
6.13260937e-08,2.84218750e-04
6.13660937e-08,1.99218750e-04
6.14060937e-08,1.76640625e-04
6.14460938e-08,2.29765625e-04
6.14860937e-08,3.16093750e-04
6.15260938e-08,3.77187500e-04
6.15660937e-08,3.79843750e-04
6.16060937e-08,3.37343750e-04
6.16460937e-08,2.97500000e-04
6.16860937e-08,3.04140625e-04
6.17260938e-08,3.67890625e-04
6.17660937e-08,4.68828125e-04
6.18060938e-08,5.61796875e-04
6.18460937e-08,6.12265625e-04
6.18860937e-08,6.02968750e-04
6.19260937e-08,5.37890625e-04
6.19660937e-08,4.38281250e-04
6.20060938e-08,3.37343750e-04
6.20460937e-08,2.61640625e-04
6.20860938e-08,2.31093750e-04
6.21260937e-08,2.39062500e-04
6.21660937e-08,2.62968750e-04
6.22060937e-08,2.80234375e-04
6.22460937e-08,2.89531250e-04
6.22860938e-08,3.10781250e-04
6.23260937e-08,3.74531250e-04
6.23660938e-08,4.79453125e-04
6.24060937e-08,5.79062500e-04
6.24460937e-08,6.01640625e-04
6.24860937e-08,4.99375000e-04
6.25260937e-08,2.94843750e-04
6.25660938e-08,8.76562500e-05
6.26060937e-08,-6.64062500e-06
6.26460937e-08,7.30468750e-05
6.26860937e-08,2.85546875e-04
6.27260937e-08,5.08671875e-04
6.27660937e-08,6.20234375e-04
6.28060937e-08,5.73750000e-04
6.28460938e-08,4.28984375e-04
6.28860937e-08,2.93515625e-04
6.29260937e-08,2.55000000e-04
6.29660937e-08,3.21406250e-04
6.30060937e-08,4.32968750e-04
6.30460937e-08,5.16640625e-04
6.30860937e-08,5.36562500e-04
6.31260938e-08,5.04687500e-04
6.31660937e-08,4.47578125e-04
6.32060937e-08,3.81171875e-04
6.32460937e-08,3.01484375e-04
6.32860937e-08,2.13828125e-04
6.33260937e-08,1.50078125e-04
6.33660937e-08,1.47421875e-04
6.34060938e-08,2.19140625e-04
6.34460937e-08,3.36015625e-04
6.34860937e-08,4.42265625e-04
6.35260937e-08,4.98046875e-04
6.35660937e-08,5.07343750e-04
6.36060937e-08,5.03359375e-04
6.36460937e-08,5.07343750e-04
6.36860938e-08,5.03359375e-04
6.37260937e-08,4.60859375e-04
6.37660937e-08,3.75859375e-04
6.38060937e-08,2.90859375e-04
6.38460937e-08,2.66953125e-04
6.38860937e-08,3.30703125e-04
6.39260937e-08,4.31640625e-04
6.39660938e-08,4.70156250e-04
6.40060937e-08,3.73203125e-04
6.40460937e-08,1.52734375e-04
6.40860937e-08,-8.36718750e-05
6.41260937e-08,-1.99218750e-04
6.41660937e-08,-1.18203125e-04
6.42060937e-08,1.24843750e-04
6.42460938e-08,4.10390625e-04
6.42860937e-08,6.06953125e-04
6.43260937e-08,6.33515625e-04
6.43660937e-08,4.99375000e-04
6.44060937e-08,2.77578125e-04
6.44460937e-08,6.24218750e-05
6.44860937e-08,-7.17187500e-05
6.45260938e-08,-9.03125000e-05
6.45660937e-08,-9.29687500e-06
6.46060937e-08,1.26171875e-04
6.46460937e-08,2.56328125e-04
6.46860937e-08,3.33359375e-04
6.47260938e-08,3.47968750e-04
6.47660937e-08,3.30703125e-04
6.48060938e-08,3.28046875e-04
6.48460937e-08,3.71875000e-04
6.48860937e-08,4.47578125e-04
6.49260937e-08,5.07343750e-04
6.49660937e-08,5.00703125e-04
6.50060938e-08,4.13046875e-04
6.50460937e-08,2.81562500e-04
6.50860938e-08,1.64687500e-04
6.51260937e-08,1.11562500e-04
6.51660937e-08,1.28828125e-04
6.52060937e-08,1.93906250e-04
6.52460937e-08,2.72265625e-04
6.52860938e-08,3.40000000e-04
6.53260937e-08,3.83828125e-04
6.53660938e-08,3.98437500e-04
6.54060937e-08,3.75859375e-04
6.54460937e-08,3.20078125e-04
6.54860937e-08,2.48359375e-04
6.55260937e-08,1.92578125e-04
6.55660938e-08,1.72656250e-04
6.56060937e-08,1.87265625e-04
6.56460938e-08,2.09843750e-04
6.56860937e-08,2.17812500e-04
6.57260937e-08,2.03203125e-04
6.57660937e-08,1.81953125e-04
6.58060937e-08,1.76640625e-04
6.58460938e-08,1.95234375e-04
6.58860937e-08,2.36406250e-04
6.59260938e-08,3.00156250e-04
6.59660937e-08,3.91796875e-04
6.60060937e-08,5.10000000e-04
6.60460937e-08,6.24218750e-04
6.60860937e-08,6.80000000e-04
6.61260938e-08,6.33515625e-04
6.61660937e-08,4.96718750e-04
6.62060937e-08,3.42656250e-04
6.62460937e-08,2.60312500e-04
6.62860937e-08,2.86875000e-04
6.63260937e-08,3.73203125e-04
6.63660937e-08,4.23671875e-04
6.64060938e-08,3.79843750e-04
6.64460937e-08,2.76250000e-04
6.64860937e-08,2.16484375e-04
6.65260937e-08,2.80234375e-04
6.65660937e-08,4.36953125e-04
6.66060937e-08,5.59140625e-04
6.66460937e-08,5.32578125e-04
6.66860938e-08,3.57265625e-04
6.67260937e-08,1.64687500e-04
6.67660937e-08,1.16875000e-04
6.68060937e-08,2.69609375e-04
6.68460937e-08,5.11328125e-04
6.68860937e-08,6.52109375e-04
6.69260937e-08,5.73750000e-04
6.69660938e-08,3.32031250e-04
6.70060937e-08,1.04921875e-04
6.70460937e-08,4.78125000e-05
6.70860937e-08,1.70000000e-04
6.71260937e-08,3.40000000e-04
6.71660937e-08,4.11718750e-04
6.72060937e-08,3.54609375e-04
6.72460938e-08,2.73593750e-04
6.72860937e-08,2.98828125e-04
6.73260937e-08,4.60859375e-04
6.73660937e-08,6.50781250e-04
6.74060937e-08,7.15859375e-04
6.74460937e-08,5.97656250e-04
6.74860937e-08,3.75859375e-04
6.75260938e-08,2.07187500e-04
6.75660937e-08,1.80625000e-04
6.76060937e-08,2.48359375e-04
6.76460937e-08,2.80234375e-04
6.76860937e-08,1.87265625e-04
6.77260937e-08,5.31250000e-06
6.77660937e-08,-1.38125000e-04
6.78060938e-08,-1.35468750e-04
6.78460937e-08,2.65625000e-06
6.78860937e-08,1.70000000e-04
6.79260937e-08,2.62968750e-04
6.79660937e-08,2.73593750e-04
6.80060937e-08,2.82890625e-04
6.80460937e-08,3.70546875e-04
6.80860938e-08,5.25937500e-04
6.81260937e-08,6.44140625e-04
6.81660937e-08,6.20234375e-04
6.82060937e-08,4.46250000e-04
6.82460937e-08,2.24453125e-04
6.82860937e-08,9.03125000e-05
6.83260937e-08,9.96093750e-05
6.83660938e-08,2.04531250e-04
6.84060937e-08,3.00156250e-04
6.84460937e-08,3.36015625e-04
6.84860937e-08,3.36015625e-04
6.85260937e-08,3.61250000e-04
6.85660937e-08,4.26328125e-04
6.86060937e-08,4.68828125e-04
6.86460938e-08,4.18359375e-04
6.86860937e-08,2.73593750e-04
6.87260937e-08,1.32812500e-04
6.87660937e-08,1.20859375e-04
6.88060937e-08,2.77578125e-04
6.88460937e-08,5.08671875e-04
6.88860937e-08,6.49453125e-04
6.89260938e-08,5.79062500e-04
6.89660937e-08,3.24062500e-04
6.90060937e-08,2.92187500e-05
6.90460937e-08,-1.38125000e-04
6.90860937e-08,-1.06250000e-04
6.91260938e-08,7.03906250e-05
6.91660937e-08,2.72265625e-04
6.92060938e-08,3.97109375e-04
6.92460937e-08,4.13046875e-04
6.92860937e-08,3.51953125e-04
6.93260937e-08,2.65625000e-04
6.93660937e-08,2.01875000e-04
6.94060938e-08,1.93906250e-04
6.94460937e-08,2.61640625e-04
6.94860938e-08,3.89140625e-04
6.95260937e-08,5.20625000e-04
6.95660937e-08,5.63125000e-04
6.96060937e-08,4.47578125e-04
6.96460937e-08,1.83281250e-04
6.96860938e-08,-1.18203125e-04
6.97260937e-08,-3.04140625e-04
6.97660938e-08,-2.76250000e-04
6.98060937e-08,-6.37500000e-05
6.98460937e-08,2.04531250e-04
6.98860937e-08,3.86484375e-04
6.99260937e-08,4.22343750e-04
6.99660938e-08,3.62578125e-04
7.00060937e-08,3.05468750e-04
7.00460937e-08,3.12109375e-04
7.00860937e-08,3.61250000e-04
7.01260937e-08,3.87812500e-04
7.01660937e-08,3.47968750e-04
7.02060937e-08,2.62968750e-04
7.02460938e-08,2.03203125e-04
7.02860937e-08,2.17812500e-04
7.03260937e-08,2.90859375e-04
7.03660937e-08,3.55937500e-04
7.04060937e-08,3.57265625e-04
7.04460937e-08,2.90859375e-04
7.04860937e-08,2.15156250e-04
7.05260938e-08,1.95234375e-04
7.05660937e-08,2.49687500e-04
7.06060937e-08,3.37343750e-04
7.06460937e-08,3.99765625e-04
7.06860937e-08,3.99765625e-04
7.07260937e-08,3.54609375e-04
7.07660937e-08,3.06796875e-04
7.08060938e-08,2.78906250e-04
7.08460937e-08,2.49687500e-04
7.08860937e-08,1.79296875e-04
7.09260937e-08,5.17968750e-05
7.09660937e-08,-8.23437500e-05
7.10060937e-08,-1.31484375e-04
7.10460937e-08,-2.39062500e-05
7.10860938e-08,2.32421875e-04
7.11260937e-08,5.32578125e-04
7.11660937e-08,7.30468750e-04
7.12060937e-08,7.33125000e-04
7.12460937e-08,5.57812500e-04
7.12860937e-08,3.29375000e-04
7.13260937e-08,1.91250000e-04
7.13660938e-08,2.05859375e-04
7.14060937e-08,3.21406250e-04
7.14460937e-08,4.13046875e-04
7.14860937e-08,3.82500000e-04
7.15260937e-08,2.27109375e-04
7.15660937e-08,4.64843750e-05
7.16060937e-08,-3.98437500e-05
7.16460938e-08,2.65625000e-05
7.16860937e-08,1.96562500e-04
7.17260937e-08,3.59921875e-04
7.17660937e-08,4.27656250e-04
7.18060937e-08,3.89140625e-04
7.18460937e-08,3.10781250e-04
7.18860937e-08,2.73593750e-04
7.19260938e-08,3.09453125e-04
7.19660937e-08,3.81171875e-04
7.20060937e-08,4.14375000e-04
7.20460937e-08,3.61250000e-04
7.20860937e-08,2.33750000e-04
7.21260937e-08,8.63281250e-05
7.21660937e-08,-1.85937500e-05
7.22060938e-08,-5.84375000e-05
7.22460937e-08,-5.04687500e-05
7.22860937e-08,-2.12500000e-05
7.23260937e-08,1.85937500e-05
7.23660937e-08,8.36718750e-05
7.24060937e-08,1.87265625e-04
7.24460937e-08,3.12109375e-04
7.24860938e-08,4.07734375e-04
7.25260937e-08,4.30312500e-04
7.25660937e-08,3.75859375e-04
7.26060937e-08,2.98828125e-04
7.26460937e-08,2.72265625e-04
7.26860937e-08,3.28046875e-04
7.27260937e-08,4.22343750e-04
7.27660938e-08,4.60859375e-04
7.28060937e-08,3.74531250e-04
7.28460937e-08,1.80625000e-04
7.28860937e-08,-5.31250000e-06
7.29260937e-08,-5.17968750e-05
7.29660937e-08,9.42968750e-05
7.30060937e-08,3.59921875e-04
7.30460938e-08,5.89687500e-04
7.30860937e-08,6.50781250e-04
7.31260937e-08,5.33906250e-04
7.31660937e-08,3.49296875e-04
7.32060937e-08,2.40390625e-04
7.32460938e-08,2.72265625e-04
7.32860937e-08,3.86484375e-04
7.33260938e-08,4.52890625e-04
7.33660937e-08,3.79843750e-04
7.34060937e-08,1.96562500e-04
7.34460937e-08,3.32031250e-05
7.34860937e-08,2.25781250e-05
7.35260938e-08,1.96562500e-04
7.35660937e-08,4.56875000e-04
7.36060938e-08,6.46796875e-04
7.36460937e-08,6.61406250e-04
7.36860937e-08,5.17968750e-04
7.37260937e-08,3.33359375e-04
7.37660937e-08,2.33750000e-04
7.38060938e-08,2.65625000e-04
7.38460937e-08,3.71875000e-04
7.38860937e-08,4.43593750e-04
7.39260937e-08,4.11718750e-04
7.39660937e-08,2.89531250e-04
7.40060937e-08,1.48750000e-04
7.40460937e-08,6.77343750e-05
7.40860938e-08,5.97656250e-05
7.41260937e-08,8.50000000e-05
7.41660937e-08,8.89843750e-05
7.42060937e-08,5.71093750e-05
7.42460937e-08,2.92187500e-05
7.42860937e-08,6.24218750e-05
7.43260937e-08,1.80625000e-04
7.43660938e-08,3.45312500e-04
7.44060937e-08,4.82109375e-04
7.44460937e-08,5.33906250e-04
7.44860937e-08,5.06015625e-04
7.45260937e-08,4.56875000e-04
7.45660937e-08,4.50234375e-04
7.46060937e-08,4.98046875e-04
7.46460938e-08,5.52500000e-04
7.46860937e-08,5.40546875e-04
7.47260937e-08,4.27656250e-04
7.47660937e-08,2.60312500e-04
7.48060937e-08,1.34140625e-04
7.48460937e-08,1.34140625e-04
7.48860937e-08,2.69609375e-04
7.49260938e-08,4.68828125e-04
7.49660937e-08,6.26875000e-04
7.50060937e-08,6.73359375e-04
7.50460937e-08,6.10937500e-04
7.50860937e-08,4.92734375e-04
7.51260937e-08,3.74531250e-04
7.51660937e-08,2.77578125e-04
7.52060938e-08,1.92578125e-04
7.52460937e-08,1.11562500e-04
7.52860937e-08,5.97656250e-05
7.53260937e-08,7.70312500e-05
7.53660937e-08,1.68671875e-04
7.54060937e-08,2.85546875e-04
7.54460937e-08,3.40000000e-04
7.54860938e-08,2.72265625e-04
7.55260937e-08,1.06250000e-04
7.55660937e-08,-5.04687500e-05
7.56060937e-08,-8.63281250e-05
7.56460937e-08,3.58593750e-05
7.56860937e-08,2.43046875e-04
7.57260937e-08,4.05078125e-04
7.57660938e-08,4.34296875e-04
7.58060937e-08,3.51953125e-04
7.58460937e-08,2.64296875e-04
7.58860937e-08,2.70937500e-04
7.59260937e-08,3.71875000e-04
7.59660937e-08,4.64843750e-04
7.60060937e-08,4.28984375e-04
7.60460938e-08,2.39062500e-04
7.60860937e-08,3.98437500e-06
7.61260937e-08,-1.07578125e-04
7.61660937e-08,3.98437500e-06
7.62060937e-08,2.82890625e-04
7.62460937e-08,5.40546875e-04
7.62860937e-08,6.01640625e-04
7.63260938e-08,4.30312500e-04
7.63660937e-08,1.63359375e-04
7.64060937e-08,1.19531250e-05
7.64460937e-08,9.29687500e-05
7.64860937e-08,3.53281250e-04
7.65260937e-08,6.00312500e-04
7.65660937e-08,6.49453125e-04
7.66060938e-08,4.54218750e-04
7.66460937e-08,1.35468750e-04
7.66860937e-08,-1.11562500e-04
7.67260937e-08,-1.50078125e-04
7.67660937e-08,1.72656250e-05
7.68060937e-08,2.60312500e-04
7.68460937e-08,4.30312500e-04
7.68860938e-08,4.52890625e-04
7.69260937e-08,3.61250000e-04
7.69660937e-08,2.58984375e-04
7.70060937e-08,2.33750000e-04
7.70460937e-08,3.04140625e-04
7.70860937e-08,4.13046875e-04
7.71260937e-08,4.71484375e-04
7.71660938e-08,4.25000000e-04
7.72060937e-08,2.84218750e-04
7.72460937e-08,1.23515625e-04
7.72860937e-08,2.65625000e-05
7.73260937e-08,3.71875000e-05
7.73660937e-08,1.32812500e-04
7.74060937e-08,2.45703125e-04
7.74460938e-08,3.10781250e-04
7.74860937e-08,3.01484375e-04
7.75260937e-08,2.40390625e-04
7.75660937e-08,1.71328125e-04
7.76060937e-08,1.38125000e-04
7.76460938e-08,1.58046875e-04
7.76860937e-08,2.28437500e-04
7.77260937e-08,3.30703125e-04
7.77660937e-08,4.27656250e-04
7.78060937e-08,4.63515625e-04
7.78460937e-08,3.93125000e-04
7.78860937e-08,2.19140625e-04
7.79260938e-08,1.46093750e-05
7.79660937e-08,-1.07578125e-04
7.80060937e-08,-6.10937500e-05
7.80460937e-08,1.28828125e-04
7.80860937e-08,3.40000000e-04
7.81260937e-08,4.22343750e-04
7.81660937e-08,3.22734375e-04
7.82060938e-08,1.34140625e-04
7.82460937e-08,2.65625000e-05
7.82860937e-08,1.18203125e-04
7.83260937e-08,3.74531250e-04
7.83660937e-08,6.36171875e-04
7.84060937e-08,7.35781250e-04
7.84460937e-08,6.30859375e-04
7.84860938e-08,4.22343750e-04
7.85260937e-08,2.58984375e-04
7.85660937e-08,2.17812500e-04
7.86060937e-08,2.53671875e-04
7.86460937e-08,2.65625000e-04
7.86860937e-08,2.00546875e-04
7.87260937e-08,9.96093750e-05
7.87660938e-08,5.17968750e-05
7.88060937e-08,1.00937500e-04
7.88460937e-08,1.96562500e-04
7.88860937e-08,2.51015625e-04
7.89260937e-08,2.20468750e-04
7.89660937e-08,1.59375000e-04
7.90060937e-08,1.67343750e-04
7.90460938e-08,2.93515625e-04
7.90860937e-08,4.80781250e-04
7.91260937e-08,6.06953125e-04
7.91660937e-08,5.89687500e-04
7.92060937e-08,4.51562500e-04
7.92460937e-08,3.00156250e-04
7.92860937e-08,2.40390625e-04
7.93260938e-08,2.88203125e-04
7.93660937e-08,3.74531250e-04
7.94060937e-08,4.13046875e-04
7.94460937e-08,3.78515625e-04
7.94860937e-08,3.17421875e-04
7.95260937e-08,2.90859375e-04
7.95660937e-08,3.17421875e-04
7.96060938e-08,3.59921875e-04
7.96460937e-08,3.70546875e-04
7.96860937e-08,3.40000000e-04
7.97260937e-08,3.09453125e-04
7.97660937e-08,3.22734375e-04
7.98060937e-08,3.69218750e-04
7.98460937e-08,3.90468750e-04
7.98860938e-08,3.32031250e-04
7.99260937e-08,2.01875000e-04
7.99660937e-08,8.23437500e-05
8.00060937e-08,6.90625000e-05
8.00460937e-08,1.92578125e-04
8.00860937e-08,3.85156250e-04
8.01260937e-08,5.31250000e-04
8.01660938e-08,5.47187500e-04
8.02060937e-08,4.35625000e-04
8.02460937e-08,2.77578125e-04
8.02860937e-08,1.54062500e-04
8.03260937e-08,8.76562500e-05
8.03660937e-08,4.64843750e-05
8.04060937e-08,-3.98437500e-06
8.04460938e-08,-5.57812500e-05
8.04860937e-08,-5.57812500e-05
8.05260937e-08,4.11718750e-05
8.05660937e-08,2.13828125e-04
8.06060937e-08,3.75859375e-04
8.06460937e-08,4.42265625e-04
8.06860937e-08,3.93125000e-04
8.07260938e-08,2.98828125e-04
8.07660937e-08,2.58984375e-04
8.08060937e-08,3.18750000e-04
8.08460937e-08,4.23671875e-04
8.08860937e-08,4.67500000e-04
8.09260937e-08,3.75859375e-04
8.09660937e-08,1.83281250e-04
8.10060938e-08,2.65625000e-06
8.10460937e-08,-5.71093750e-05
8.10860937e-08,1.85937500e-05
8.11260937e-08,1.52734375e-04
8.11660937e-08,2.44375000e-04
8.12060937e-08,2.64296875e-04
8.12460937e-08,2.72265625e-04
8.12860938e-08,3.54609375e-04
8.13260937e-08,5.21953125e-04
8.13660937e-08,6.85312500e-04
8.14060937e-08,7.18515625e-04
8.14460937e-08,5.67109375e-04
8.14860937e-08,3.12109375e-04
8.15260937e-08,1.18203125e-04
8.15660937e-08,1.07578125e-04
8.16060937e-08,2.61640625e-04
8.16460937e-08,4.40937500e-04
8.16860937e-08,4.88750000e-04
8.17260937e-08,3.55937500e-04
8.17660937e-08,1.34140625e-04
8.18060937e-08,-2.25781250e-05
8.18460937e-08,-9.29687500e-06
8.18860937e-08,1.50078125e-04
8.19260937e-08,3.33359375e-04
8.19660937e-08,4.17031250e-04
8.20060937e-08,3.63906250e-04
8.20460938e-08,2.36406250e-04
8.20860937e-08,1.42109375e-04
8.21260937e-08,1.59375000e-04
8.21660937e-08,2.78906250e-04
8.22060937e-08,4.17031250e-04
8.22460937e-08,4.75468750e-04
8.22860937e-08,4.01093750e-04
8.23260938e-08,2.17812500e-04
8.23660937e-08,1.72656250e-05
8.24060937e-08,-9.29687500e-05
8.24460937e-08,-5.57812500e-05
8.24860937e-08,1.04921875e-04
8.25260937e-08,2.93515625e-04
8.25660937e-08,3.97109375e-04
8.26060938e-08,3.58593750e-04
8.26460937e-08,2.09843750e-04
8.26860937e-08,5.57812500e-05
8.27260937e-08,-2.65625000e-06
8.27660937e-08,6.90625000e-05
8.28060937e-08,2.20468750e-04
8.28460937e-08,3.51953125e-04
8.28860938e-08,3.83828125e-04
8.29260937e-08,3.00156250e-04
8.29660937e-08,1.47421875e-04
8.30060937e-08,-5.31250000e-06
8.30460937e-08,-9.82812500e-05
8.30860937e-08,-1.04921875e-04
8.31260937e-08,-2.52343750e-05
8.31660938e-08,1.20859375e-04
8.32060937e-08,3.02812500e-04
8.32460937e-08,4.71484375e-04
8.32860937e-08,5.76406250e-04
8.33260937e-08,5.87031250e-04
8.33660937e-08,5.16640625e-04
8.34060937e-08,4.10390625e-04
8.34460938e-08,3.28046875e-04
8.34860937e-08,3.01484375e-04
8.35260937e-08,3.21406250e-04
8.35660937e-08,3.54609375e-04
8.36060937e-08,3.67890625e-04
8.36460937e-08,3.55937500e-04
8.36860937e-08,3.36015625e-04
8.37260938e-08,3.28046875e-04
8.37660937e-08,3.36015625e-04
8.38060937e-08,3.42656250e-04
8.38460937e-08,3.26718750e-04
8.38860937e-08,2.82890625e-04
8.39260937e-08,2.27109375e-04
8.39660937e-08,1.97890625e-04
8.40060938e-08,2.29765625e-04
8.40460937e-08,3.34687500e-04
8.40860937e-08,4.87421875e-04
8.41260937e-08,6.30859375e-04
8.41660937e-08,7.01250000e-04
8.42060937e-08,6.56093750e-04
8.42460937e-08,5.08671875e-04
8.42860938e-08,3.21406250e-04
8.43260937e-08,1.76640625e-04
8.43660937e-08,1.22187500e-04
8.44060937e-08,1.54062500e-04
8.44460937e-08,2.20468750e-04
8.44860937e-08,2.69609375e-04
8.45260937e-08,2.85546875e-04
8.45660938e-08,2.94843750e-04
8.46060937e-08,3.28046875e-04
8.46460937e-08,3.81171875e-04
8.46860937e-08,4.11718750e-04
8.47260937e-08,3.81171875e-04
8.47660937e-08,3.00156250e-04
8.48060937e-08,2.39062500e-04
8.48460938e-08,2.70937500e-04
8.48860937e-08,4.07734375e-04
8.49260937e-08,5.68437500e-04
8.49660937e-08,6.36171875e-04
8.50060937e-08,5.40546875e-04
8.50460937e-08,3.22734375e-04
8.50860937e-08,1.03593750e-04
8.51260938e-08,2.65625000e-06
8.51660937e-08,5.04687500e-05
8.52060937e-08,1.81953125e-04
8.52460937e-08,3.02812500e-04
8.52860937e-08,3.66562500e-04
8.53260937e-08,3.94453125e-04
8.53660937e-08,4.30312500e-04
8.54060937e-08,4.78125000e-04
8.54460937e-08,4.88750000e-04
8.54860937e-08,4.03750000e-04
8.55260937e-08,2.28437500e-04
8.55660937e-08,4.11718750e-05
8.56060937e-08,-5.71093750e-05
8.56460937e-08,-1.99218750e-05
8.56860937e-08,1.08906250e-04
8.57260937e-08,2.32421875e-04
8.57660937e-08,2.77578125e-04
8.58060937e-08,2.44375000e-04
8.58460937e-08,1.85937500e-04
8.58860937e-08,1.54062500e-04
8.59260937e-08,1.68671875e-04
8.59660937e-08,2.20468750e-04
8.60060937e-08,3.01484375e-04
8.60460937e-08,4.15703125e-04
8.60860937e-08,5.52500000e-04
8.61260937e-08,6.58750000e-04
8.61660938e-08,6.57421875e-04
8.62060937e-08,4.99375000e-04
8.62460937e-08,2.36406250e-04
8.62860937e-08,7.96875000e-06
8.63260937e-08,-3.98437500e-05
8.63660937e-08,1.39453125e-04
8.64060937e-08,4.46250000e-04
8.64460938e-08,6.98593750e-04
8.64860937e-08,7.62343750e-04
8.65260937e-08,6.29531250e-04
8.65660937e-08,4.19687500e-04
8.66060937e-08,2.65625000e-04
8.66460937e-08,2.25781250e-04
8.66860937e-08,2.48359375e-04
8.67260938e-08,2.44375000e-04
8.67660937e-08,1.72656250e-04
8.68060937e-08,7.30468750e-05
8.68460937e-08,2.65625000e-05
8.68860937e-08,6.77343750e-05
8.69260937e-08,1.58046875e-04
8.69660937e-08,2.09843750e-04
8.70060938e-08,1.66015625e-04
8.70460937e-08,5.71093750e-05
8.70860937e-08,-2.78906250e-05
8.71260937e-08,-3.98437500e-06
8.71660937e-08,1.40781250e-04
8.72060937e-08,3.36015625e-04
8.72460937e-08,4.74140625e-04
8.72860938e-08,4.87421875e-04
8.73260937e-08,3.81171875e-04
8.73660937e-08,2.29765625e-04
8.74060937e-08,1.22187500e-04
8.74460937e-08,1.14218750e-04
8.74860937e-08,2.07187500e-04
8.75260937e-08,3.54609375e-04
8.75660938e-08,4.95390625e-04
8.76060937e-08,5.73750000e-04
8.76460937e-08,5.60468750e-04
8.76860937e-08,4.62187500e-04
8.77260937e-08,3.08125000e-04
8.77660937e-08,1.50078125e-04
8.78060937e-08,3.98437500e-05
8.78460938e-08,1.59375000e-05
8.78860937e-08,8.36718750e-05
8.79260937e-08,2.05859375e-04
8.79660937e-08,3.26718750e-04
8.80060937e-08,3.91796875e-04
8.80460937e-08,3.77187500e-04
8.80860937e-08,3.08125000e-04
8.81260938e-08,2.32421875e-04
8.81660937e-08,2.01875000e-04
8.82060937e-08,2.32421875e-04
8.82460937e-08,3.04140625e-04
8.82860937e-08,3.69218750e-04
8.83260937e-08,3.90468750e-04
8.83660937e-08,3.65234375e-04
8.84060938e-08,3.21406250e-04
8.84460937e-08,3.00156250e-04
8.84860937e-08,3.20078125e-04
8.85260937e-08,3.62578125e-04
8.85660937e-08,3.90468750e-04
8.86060937e-08,3.74531250e-04
8.86460937e-08,3.25390625e-04
8.86860938e-08,2.82890625e-04
8.87260937e-08,2.92187500e-04
8.87660937e-08,3.51953125e-04
8.88060937e-08,4.15703125e-04
8.88460937e-08,4.14375000e-04
8.88860937e-08,3.17421875e-04
8.89260937e-08,1.62031250e-04
8.89660937e-08,3.45312500e-05
8.90060937e-08,1.72656250e-05
8.90460937e-08,1.24843750e-04
8.90860937e-08,2.94843750e-04
8.91260937e-08,4.30312500e-04
8.91660937e-08,4.72812500e-04
8.92060937e-08,4.34296875e-04
8.92460937e-08,3.87812500e-04
8.92860937e-08,3.99765625e-04
8.93260937e-08,4.78125000e-04
8.93660937e-08,5.67109375e-04
8.94060937e-08,5.87031250e-04
8.94460937e-08,4.99375000e-04
8.94860937e-08,3.34687500e-04
8.95260937e-08,1.76640625e-04
8.95660937e-08,1.02265625e-04
8.96060937e-08,1.30156250e-04
8.96460937e-08,2.13828125e-04
8.96860937e-08,2.74921875e-04
8.97260937e-08,2.61640625e-04
8.97660937e-08,1.77968750e-04
8.98060937e-08,8.23437500e-05
8.98460937e-08,3.98437500e-05
8.98860937e-08,7.57031250e-05
8.99260937e-08,1.73984375e-04
8.99660937e-08,2.86875000e-04
